event_name,event_date,event_time,venue,address,city,price_min,price_max,category,free_or_paid,status,event_url,image_url,recommendation
David Ostwald's Louis Armstrong Eternity Band,2026-01-14,17:30:00,Birdland Theater,315 West 44th Street,New York,35.46,45.76,Music,Paid,onsale,https://www.ticketweb.com/event/david-ostwalds-louis-armstrong-eternity-birdland-theater-tickets/14622293,https://s1.ticketm.net/dam/c/bea/03d47f66-d37b-4aca-aa17-0135be64dbea_105801_RETINA_PORTRAIT_16_9.jpg,Recommended (Indoor)
The Altogether,2026-01-14,18:00:00,Mercury Lounge,217 East Houston St.,New York,,,Music,Free,onsale,https://www.ticketmaster.com/the-altogether-new-york-new-york-01-14-2026/event/00006378CE47C835,https://s1.ticketm.net/dam/e/d0f/1faec770-8e4c-4a19-a12f-ba2e23edcd0f_RECOMENDATION_16_9.jpg,Not Recommended (Outdoor)
"Boris & The Mess, Regular Degular",2026-01-14,19:00:00,Night Club 101,101 Avenue A,New York,21.56,21.56,Music,Paid,onsale,https://www.ticketweb.com/event/boris-the-mess-regular-night-club-101-tickets/14682143,https://s1.ticketm.net/dam/c/797/5e693c26-2881-4776-8f0c-3aa94bfa3797_106511_RETINA_PORTRAIT_16_9.jpg,Recommended (Indoor)
Delfeayo Marsalis & The Uptown Jazz Orchestra,2026-01-14,19:00:00,Birdland Jazz Club,315 West 44th Street ,New York,45.76,56.06,Music,Paid,onsale,https://www.ticketweb.com/event/delfeayo-marsalis-the-uptown-birdland-jazz-club-tickets/14624513,https://s1.ticketm.net/dam/c/bea/03d47f66-d37b-4aca-aa17-0135be64dbea_105801_RETINA_PORTRAIT_16_9.jpg,Recommended (Indoor)
99 minutes or less,2026-01-14,19:00:00,Night Club 101,101 Avenue A,New York,0.0,0.0,Music,Paid,onsale,https://www.ticketweb.com/event/99-minutes-or-less-night-club-101-tickets/14055564,https://s1.ticketm.net/dam/c/060/c5c08e7a-9912-456c-a060-2758be94e060_105881_TABLET_LANDSCAPE_3_2.jpg,Recommended (Indoor)
"East Side Dance Company Presents - Watch Us Dance, Hear Us Speak",2026-01-14,19:00:00,Town Hall,123 West 43rd Street,New York,,,Music,Free,onsale,https://www.ticketmaster.com/east-side-dance-company-presents-watch-new-york-new-york-01-14-2026/event/0300636EC5922713,https://s1.ticketm.net/dam/c/060/c5c08e7a-9912-456c-a060-2758be94e060_105881_TABLET_LANDSCAPE_3_2.jpg,Recommended (Indoor)
Halsey: Back To Badlands,2026-01-14,20:00:00,Manhattan Center Hammerstein Ballroom,311 West 34th Street,New York,,,Music,Free,onsale,https://www.ticketmaster.com/halsey-back-to-badlands-new-york-new-york-01-14-2026/event/0000631C9BDF21DC,https://s1.ticketm.net/dam/a/36a/2a4ad78b-9c0b-472d-9999-fbfd949e136a_CUSTOM.jpg,Recommended (Indoor)
Perfume | Washer/Dryer,2026-01-14,20:00:00,The Bowery Electric,327 Bowery,New York,17.45,17.45,Music,Paid,onsale,https://www.ticketweb.com/event/perfume-washerdryer-the-bowery-electric-tickets/13988424,https://s1.ticketm.net/dam/c/f6d/6f417e97-2981-4605-a837-a307d33e3f6d_105491_TABLET_LANDSCAPE_LARGE_16_9.jpg,Not Recommended (Outdoor)
Trio with Nate Smith & James Francies,2026-01-14,20:00:00,Blue Note Jazz Club,131 W. 3rd St,New York,38.1,54.99,Music,Paid,onsale,https://www.ticketweb.com/event/trio-with-nate-smith-blue-note-jazz-club-tickets/14641283,https://s1.ticketm.net/dam/a/0fb/303dacfb-5747-45d3-aa65-e699bb2d60fb_RETINA_LANDSCAPE_16_9.jpg,Recommended (Indoor)
Avery*Sunshine,2026-01-14,20:00:00,Sony Hall,235 W 46th St,New York,52.39,93.7,Music,Paid,onsale,https://www.ticketweb.com/event/averysunshine-sony-hall-tickets/14610733,https://s1.ticketm.net/dam/a/8fe/ad8b08c5-ebcd-44ae-b5a3-58442a4b98fe_SOURCE,Recommended (Indoor)
Thirsty Pirates | Sean Yox & The Streamers | Jynx and Dino,2026-01-14,20:00:00,Berlin,25 Avenue A,New York,24.88,24.88,Music,Paid,onsale,https://www.ticketweb.com/event/thirsty-pirates-sean-yox-berlin-tickets/14056784,https://s1.ticketm.net/dam/c/fbc/b293c0ad-c904-4215-bc59-8d7f2414dfbc_106141_RETINA_LANDSCAPE_16_9.jpg,Not Recommended (Outdoor)
Frank Vignola's Guitar Night with Mike Stern,2026-01-14,20:30:00,Birdland Theater,315 West 44th Street,New York,35.46,45.76,Music,Paid,onsale,https://www.ticketweb.com/event/frank-vignolas-guitar-night-with-birdland-theater-tickets/14622353,https://s1.ticketm.net/dam/c/bea/03d47f66-d37b-4aca-aa17-0135be64dbea_105801_RETINA_PORTRAIT_16_9.jpg,Recommended (Indoor)
Nick Dunbar,2026-01-14,20:30:00,Lucinda's,169 Avenue A,New York,0.0,0.0,Music,Paid,onsale,https://www.ticketweb.com/event/nick-dunbar-lucindas-tickets/14064364,https://s1.ticketm.net/dam/c/677/c58dd0af-cda8-49b2-bdaf-068540c3a677_106541_RETINA_PORTRAIT_16_9.jpg,Not Recommended (Outdoor)
Delfeayo Marsalis & The Uptown Jazz Orchestra,2026-01-14,21:30:00,Birdland Jazz Club,315 West 44th Street ,New York,45.76,56.06,Music,Paid,onsale,https://www.ticketweb.com/event/delfeayo-marsalis-the-uptown-birdland-jazz-club-tickets/14624553,https://s1.ticketm.net/dam/c/bea/03d47f66-d37b-4aca-aa17-0135be64dbea_105801_RETINA_PORTRAIT_16_9.jpg,Recommended (Indoor)
"The Roomtones, Paul Babe, John Dorney",2026-01-14,22:00:00,Night Club 101,101 Avenue A,New York,21.56,21.56,Music,Paid,onsale,https://www.ticketweb.com/event/the-roomtones-paul-babe-john-night-club-101-tickets/14003204,https://s1.ticketm.net/dam/c/060/c5c08e7a-9912-456c-a060-2758be94e060_105881_TABLET_LANDSCAPE_3_2.jpg,Recommended (Indoor)
Trio with Nate Smith & James Francies,2026-01-14,22:30:00,Blue Note Jazz Club,131 W. 3rd St,New York,38.1,54.99,Music,Paid,onsale,https://www.ticketweb.com/event/trio-with-nate-smith-blue-note-jazz-club-tickets/14641293,https://s1.ticketm.net/dam/a/0fb/303dacfb-5747-45d3-aa65-e699bb2d60fb_RETINA_LANDSCAPE_16_9.jpg,Recommended (Indoor)
New York Rangers vs. Ottawa Senators,2026-01-14,19:30:00,Madison Square Garden,7th Ave & 32nd Street,New York,,,Sports,Free,onsale,https://www.ticketmaster.com/new-york-rangers-vs-ottawa-senators-new-york-new-york-01-14-2026/event/3B0062F0AC211676,https://s1.ticketm.net/dam/a/ea0/6f2e2a07-db6a-4f14-85ed-ee9ec4970ea0_RECOMENDATION_16_9.jpg,Not Recommended (Outdoor)
Banksy Museum - Flexiticket,2026-01-14,10:00:00,Banksy Museum New York,277 Canal St,New York,,,Arts & Theatre,Free,onsale,https://www.universe.com/events/banksy-museum-flexiticket-tickets-F7XJ8T?ref=ticketmaster,https://s1.ticketm.net/dam/a/438/d47dcb31-a7ee-4820-aa73-cc46f2473438_TABLET_LANDSCAPE_16_9.jpg,Not Recommended (Outdoor)
The Banksy Museum New York!,2026-01-14,11:00:00,Banksy Museum New York,277 Canal St,New York,,,Arts & Theatre,Free,offsale,https://www.universe.com/events/the-banksy-museum-new-york-tickets-5PKNY0?ref=ticketmaster,https://s1.ticketm.net/dam/a/438/d47dcb31-a7ee-4820-aa73-cc46f2473438_TABLET_LANDSCAPE_16_9.jpg,Not Recommended (Outdoor)
The Banksy Museum New York!,2026-01-14,11:30:00,Banksy Museum New York,277 Canal St,New York,,,Arts & Theatre,Free,offsale,https://www.universe.com/events/the-banksy-museum-new-york-tickets-5PKNY0?ref=ticketmaster,https://s1.ticketm.net/dam/a/438/d47dcb31-a7ee-4820-aa73-cc46f2473438_TABLET_LANDSCAPE_16_9.jpg,Not Recommended (Outdoor)
The Banksy Museum New York!,2026-01-14,12:00:00,Banksy Museum New York,277 Canal St,New York,,,Arts & Theatre,Free,offsale,https://www.universe.com/events/the-banksy-museum-new-york-tickets-5PKNY0?ref=ticketmaster,https://s1.ticketm.net/dam/a/438/d47dcb31-a7ee-4820-aa73-cc46f2473438_TABLET_LANDSCAPE_16_9.jpg,Not Recommended (Outdoor)
The Banksy Museum New York!,2026-01-14,12:30:00,Banksy Museum New York,277 Canal St,New York,,,Arts & Theatre,Free,offsale,https://www.universe.com/events/the-banksy-museum-new-york-tickets-5PKNY0?ref=ticketmaster,https://s1.ticketm.net/dam/a/438/d47dcb31-a7ee-4820-aa73-cc46f2473438_TABLET_LANDSCAPE_16_9.jpg,Not Recommended (Outdoor)
The Banksy Museum New York!,2026-01-14,13:00:00,Banksy Museum New York,277 Canal St,New York,,,Arts & Theatre,Free,onsale,https://www.universe.com/events/the-banksy-museum-new-york-tickets-5PKNY0?ref=ticketmaster,https://s1.ticketm.net/dam/a/438/d47dcb31-a7ee-4820-aa73-cc46f2473438_TABLET_LANDSCAPE_16_9.jpg,Not Recommended (Outdoor)
The Banksy Museum New York!,2026-01-14,13:30:00,Banksy Museum New York,277 Canal St,New York,,,Arts & Theatre,Free,onsale,https://www.universe.com/events/the-banksy-museum-new-york-tickets-5PKNY0?ref=ticketmaster,https://s1.ticketm.net/dam/a/438/d47dcb31-a7ee-4820-aa73-cc46f2473438_TABLET_LANDSCAPE_16_9.jpg,Not Recommended (Outdoor)
The Banksy Museum New York!,2026-01-14,14:00:00,Banksy Museum New York,277 Canal St,New York,,,Arts & Theatre,Free,onsale,https://www.universe.com/events/the-banksy-museum-new-york-tickets-5PKNY0?ref=ticketmaster,https://s1.ticketm.net/dam/a/438/d47dcb31-a7ee-4820-aa73-cc46f2473438_TABLET_LANDSCAPE_16_9.jpg,Not Recommended (Outdoor)
Buena Vista Social Club,2026-01-14,14:00:00,Gerald Schoenfeld Theatre,236 W 45th St,New York,,,Arts & Theatre,Free,offsale,https://www.ticketmaster.com/buena-vista-social-club-new-york-new-york-01-14-2026/event/Z1r9uZruZqGZ17JZZy,https://s1.ticketm.net/dam/a/297/f67d2610-8a53-4698-bd54-b163aa1de297_RECOMENDATION_16_9.jpg,Recommended (Indoor)
Two Strangers (Carry a Cake Across New York),2026-01-14,14:00:00,Longacre Theatre,220 W 48th St,New York,,,Arts & Theatre,Free,offsale,https://www.ticketmaster.com/two-strangers-carry-a-cake-across-new-york-new-york-01-14-2026/event/Z1r9uZruZqGZ17JZfa,https://s1.ticketm.net/dam/a/82d/a7b4fe06-8a3d-47b9-a514-6846cd3e682d_ARTIST_PAGE_3_2.jpg,Recommended (Indoor)
Liberation,2026-01-14,14:00:00,James Earl Jones Theatre,138 W 48th St,New York,,,Arts & Theatre,Free,offsale,https://www.ticketmaster.com/liberation-new-york-new-york-01-14-2026/event/Z1r9uZruZqGZ17JZut,https://s1.ticketm.net/dam/a/f6a/501e9525-2fde-4afa-817f-3c4d00bc3f6a_RETINA_PORTRAIT_16_9.jpg,Recommended (Indoor)
Ragtime,2026-01-14,14:00:00,Lincoln Center - Vivian Beaumont Theater,150 W 65th St,New York,,,Arts & Theatre,Free,offsale,https://www.ticketmaster.com/ragtime-new-york-new-york-01-14-2026/event/Z1r9uZruZqGZ17JdCp,https://s1.ticketm.net/dam/a/7c8/864da3e6-40b1-4efe-b2fb-9b0418d8f7c8_CUSTOM.jpg,Recommended (Indoor)
Bug,2026-01-14,14:00:00,Samuel J Friedman Theatre,"261 W 47th St,",New York,,,Arts & Theatre,Free,offsale,https://www.ticketmaster.com/bug-new-york-new-york-01-14-2026/event/Z1r9uZruZqGZ17JeZt,https://s1.ticketm.net/dam/a/590/8d7fab1e-b854-406c-852f-ebc271b77590_RECOMENDATION_16_9.jpg,Recommended (Indoor)
Chess,2026-01-14,14:00:00,Imperial Theatre,249 W 45th St,New York,,,Arts & Theatre,Free,offsale,https://www.ticketmaster.com/chess-new-york-new-york-01-14-2026/event/Z1r9uZruZqGZ17PMQ_,https://s1.ticketm.net/dam/a/0bb/49e0dc62-53a4-4f6e-a45b-8308406bb0bb_TABLET_LANDSCAPE_LARGE_16_9.jpg,Recommended (Indoor)
The Outsiders,2026-01-14,14:00:00,Bernard B. Jacobs Theatre,242 W 45th St,New York,,,Arts & Theatre,Free,offsale,https://www.ticketmaster.com/the-outsiders-new-york-new-york-01-14-2026/event/Z1r9uZruZqGZ17PYj9,https://s1.ticketm.net/dam/a/24b/ab9bc062-6e29-42eb-9131-3cb9efdb324b_RETINA_PORTRAIT_3_2.jpg,Recommended (Indoor)
Just In Time,2026-01-14,14:00:00,Circle In The Square Theatre,235 W 50th St,New York,,,Arts & Theatre,Free,offsale,https://www.ticketmaster.com/just-in-time-new-york-new-york-01-14-2026/event/Z1r9uZruZqGZ17PbGa,https://s1.ticketm.net/dam/a/8f3/75921a17-32f8-4bb1-a809-e17c8a1078f3_RETINA_PORTRAIT_3_2.jpg,Recommended (Indoor)
Mamma Mia!,2026-01-14,14:00:00,Winter Garden Theatre,1634 Broadway,New York,,,Arts & Theatre,Free,offsale,https://www.ticketmaster.com/mamma-mia-new-york-new-york-01-14-2026/event/Z1r9uZruZqGZ17PsaY,https://s1.ticketm.net/dam/a/561/c77ee4cf-3488-47de-91d0-39565e85f561_EVENT_DETAIL_PAGE_16_9.jpg,Recommended (Indoor)
Operation Mincemeat: A New Musical,2026-01-14,14:00:00,John Golden Theatre,252 W 45th St,New York,,,Arts & Theatre,Free,offsale,https://www.ticketmaster.com/operation-mincemeat-a-new-musical-new-york-new-york-01-14-2026/event/Z1r9uZruZqGZ17Pso6,https://s1.ticketm.net/dam/a/a2d/af40159e-2f5b-4149-a62d-0606e553ba2d_CUSTOM.jpg,Recommended (Indoor)
Hell's Kitchen,2026-01-14,14:00:00,Shubert Theatre,225 W 44th St,New York,,,Arts & Theatre,Free,offsale,https://www.ticketmaster.com/hells-kitchen-new-york-new-york-01-14-2026/event/Z1r9uZruZqGZ17PwuI,https://s1.ticketm.net/dam/a/645/c91eedca-59e8-4f7e-8873-f438db4eb645_RETINA_PORTRAIT_3_2.jpg,Recommended (Indoor)
The Banksy Museum New York!,2026-01-14,14:30:00,Banksy Museum New York,277 Canal St,New York,,,Arts & Theatre,Free,onsale,https://www.universe.com/events/the-banksy-museum-new-york-tickets-5PKNY0?ref=ticketmaster,https://s1.ticketm.net/dam/a/438/d47dcb31-a7ee-4820-aa73-cc46f2473438_TABLET_LANDSCAPE_16_9.jpg,Not Recommended (Outdoor)
The Banksy Museum New York!,2026-01-14,15:00:00,Banksy Museum New York,277 Canal St,New York,,,Arts & Theatre,Free,onsale,https://www.universe.com/events/the-banksy-museum-new-york-tickets-5PKNY0?ref=ticketmaster,https://s1.ticketm.net/dam/a/438/d47dcb31-a7ee-4820-aa73-cc46f2473438_TABLET_LANDSCAPE_16_9.jpg,Not Recommended (Outdoor)
The Magic of Rob Lake,2026-01-14,15:00:00,Broadhurst Theatre,235 W. 44th Street,New York,,,Arts & Theatre,Free,onsale,https://www.ticketmaster.com/event/Z7r9jZ1A7jvq8,https://s1.ticketm.net/dam/a/771/0b7b55af-acbb-4c0c-9571-3bee973f4771_451541_RETINA_PORTRAIT_3_2.jpg,Recommended (Indoor)
The Banksy Museum New York!,2026-01-14,15:30:00,Banksy Museum New York,277 Canal St,New York,,,Arts & Theatre,Free,onsale,https://www.universe.com/events/the-banksy-museum-new-york-tickets-5PKNY0?ref=ticketmaster,https://s1.ticketm.net/dam/a/438/d47dcb31-a7ee-4820-aa73-cc46f2473438_TABLET_LANDSCAPE_16_9.jpg,Not Recommended (Outdoor)
The Banksy Museum New York!,2026-01-14,16:00:00,Banksy Museum New York,277 Canal St,New York,,,Arts & Theatre,Free,onsale,https://www.universe.com/events/the-banksy-museum-new-york-tickets-5PKNY0?ref=ticketmaster,https://s1.ticketm.net/dam/a/438/d47dcb31-a7ee-4820-aa73-cc46f2473438_TABLET_LANDSCAPE_16_9.jpg,Not Recommended (Outdoor)
The Banksy Museum New York!,2026-01-14,16:30:00,Banksy Museum New York,277 Canal St,New York,,,Arts & Theatre,Free,onsale,https://www.universe.com/events/the-banksy-museum-new-york-tickets-5PKNY0?ref=ticketmaster,https://s1.ticketm.net/dam/a/438/d47dcb31-a7ee-4820-aa73-cc46f2473438_TABLET_LANDSCAPE_16_9.jpg,Not Recommended (Outdoor)
The Banksy Museum New York!,2026-01-14,17:00:00,Banksy Museum New York,277 Canal St,New York,,,Arts & Theatre,Free,onsale,https://www.universe.com/events/the-banksy-museum-new-york-tickets-5PKNY0?ref=ticketmaster,https://s1.ticketm.net/dam/a/438/d47dcb31-a7ee-4820-aa73-cc46f2473438_TABLET_LANDSCAPE_16_9.jpg,Not Recommended (Outdoor)
The Banksy Museum New York!,2026-01-14,17:30:00,Banksy Museum New York,277 Canal St,New York,,,Arts & Theatre,Free,onsale,https://www.universe.com/events/the-banksy-museum-new-york-tickets-5PKNY0?ref=ticketmaster,https://s1.ticketm.net/dam/a/438/d47dcb31-a7ee-4820-aa73-cc46f2473438_TABLET_LANDSCAPE_16_9.jpg,Not Recommended (Outdoor)
The Banksy Museum New York!,2026-01-14,18:00:00,Banksy Museum New York,277 Canal St,New York,,,Arts & Theatre,Free,onsale,https://www.universe.com/events/the-banksy-museum-new-york-tickets-5PKNY0?ref=ticketmaster,https://s1.ticketm.net/dam/a/438/d47dcb31-a7ee-4820-aa73-cc46f2473438_TABLET_LANDSCAPE_16_9.jpg,Not Recommended (Outdoor)
The Banksy Museum New York!,2026-01-14,18:30:00,Banksy Museum New York,277 Canal St,New York,,,Arts & Theatre,Free,onsale,https://www.universe.com/events/the-banksy-museum-new-york-tickets-5PKNY0?ref=ticketmaster,https://s1.ticketm.net/dam/a/438/d47dcb31-a7ee-4820-aa73-cc46f2473438_TABLET_LANDSCAPE_16_9.jpg,Not Recommended (Outdoor)
The Disappear,2026-01-14,19:00:00,Audible's Minetta Lane Theatre,18 Minetta Lane,New York,,,Arts & Theatre,Free,onsale,https://www.ticketmaster.com/the-disappear-new-york-new-york-01-14-2026/event/30006364DEF0603F,https://s1.ticketm.net/dam/a/d29/899cc93f-5e9d-4621-b1ed-86e5e7d89d29_RETINA_PORTRAIT_3_2.jpg,Recommended (Indoor)
The Banksy Museum New York!,2026-01-14,19:00:00,Banksy Museum New York,277 Canal St,New York,,,Arts & Theatre,Free,onsale,https://www.universe.com/events/the-banksy-museum-new-york-tickets-5PKNY0?ref=ticketmaster,https://s1.ticketm.net/dam/a/438/d47dcb31-a7ee-4820-aa73-cc46f2473438_TABLET_LANDSCAPE_16_9.jpg,Not Recommended (Outdoor)
"Six (New York, NY)",2026-01-14,19:00:00,Lena Horne Theatre,256 West 47th Street,New York,,,Arts & Theatre,Free,onsale,https://www.ticketmaster.com/six-new-york-ny-new-york-new-york-01-14-2026/event/Z1r9uZrrZbpZ1Av474O,https://s1.ticketm.net/dam/a/26a/ae570422-5c6d-401a-8dae-8545b131126a_1248581_TABLET_LANDSCAPE_3_2.jpg,Recommended (Indoor)
Death Becomes Her,2026-01-14,19:00:00,Lunt-Fontanne Theatre,205 West 46th Street,New York,,,Arts & Theatre,Free,onsale,https://www.ticketmaster.com/death-becomes-her-new-york-new-york-01-14-2026/event/Z1r9uZrrZbpZ1Av4Ep4,https://s1.ticketm.net/dam/a/62a/cbfce925-8919-4c5f-9efb-9472f842e62a_SOURCE,Recommended (Indoor)
"Guyscrapers, Billy Plastered, Darlin'",2026-01-15,10:00:00,Night Club 101,101 Avenue A,New York,21.56,21.56,Music,Paid,onsale,https://www.ticketweb.com/event/guyscrapers-billy-plastered-darlin-night-club-101-tickets/13973964,https://s1.ticketm.net/dam/c/060/c5c08e7a-9912-456c-a060-2758be94e060_105881_TABLET_LANDSCAPE_3_2.jpg,Recommended (Indoor)
The High Society New Orleans Jazz Band,2026-01-15,17:30:00,Birdland Theater,315 West 44th Street,New York,35.46,45.76,Music,Paid,onsale,https://www.ticketweb.com/event/the-high-society-new-orleans-birdland-theater-tickets/14621873,https://s1.ticketm.net/dam/c/779/d4bc7e11-1b50-4aa4-a2be-0a21569f5779_106531_RETINA_LANDSCAPE_16_9.jpg,Recommended (Indoor)
"Ditto., Lydia von Hof, Lizzy Hilliard",2026-01-15,18:00:00,Mercury Lounge,217 East Houston St.,New York,,,Music,Free,onsale,https://www.ticketmaster.com/ditto-lydia-von-hof-lizzy-hilliard-new-york-new-york-01-15-2026/event/00006382A98F9663,https://s1.ticketm.net/dam/a/579/a5200a2c-7184-4521-b023-eb423882f579_RETINA_PORTRAIT_16_9.jpg,Not Recommended (Outdoor)
I Puritani w/ Metropolitan Opera,2026-01-15,19:00:00,Metropolitan Opera House,20 Lincoln Center Plz,New York,,,Music,Free,onsale,https://www.ticketmaster.com/event/Z7r9jZ1A7_0PA,https://s1.ticketm.net/dam/c/aae/b503db1a-c908-473b-a218-96d123cd5aae_105501_TABLET_LANDSCAPE_3_2.jpg,Not Recommended (Outdoor)
"NORY, Kaya Kulu",2026-01-15,19:00:00,Night Club 101,101 Avenue A,New York,23.62,23.62,Music,Paid,onsale,https://www.ticketweb.com/event/nory-kaya-kulu-night-club-101-tickets/14681563,https://i.ticketweb.com/i/00/13/30/17/73_Edp.jpg?v=6,Recommended (Indoor)
Delfeayo Marsalis & The Uptown Jazz Orchestra,2026-01-15,19:00:00,Birdland Jazz Club,315 West 44th Street ,New York,45.76,56.06,Music,Paid,onsale,https://www.ticketweb.com/event/delfeayo-marsalis-the-uptown-birdland-jazz-club-tickets/14624523,https://s1.ticketm.net/dam/c/bea/03d47f66-d37b-4aca-aa17-0135be64dbea_105801_RETINA_PORTRAIT_16_9.jpg,Recommended (Indoor)
The Lefty Lucys | Claire-Frances Sullivan,2026-01-15,19:00:00,Berlin,25 Avenue A,New York,12.44,12.44,Music,Paid,onsale,https://www.ticketweb.com/event/the-lefty-lucys-claire-berlin-tickets/14048494,https://s1.ticketm.net/dam/c/797/5e693c26-2881-4776-8f0c-3aa94bfa3797_106511_RETINA_PORTRAIT_16_9.jpg,Not Recommended (Outdoor)
minor genius,2026-01-15,19:00:00,Night Club 101,101 Avenue A,New York,0.0,0.0,Music,Paid,onsale,https://www.ticketweb.com/event/minor-genius-night-club-101-tickets/14074504,https://s1.ticketm.net/dam/c/060/c5c08e7a-9912-456c-a060-2758be94e060_105881_TABLET_LANDSCAPE_3_2.jpg,Recommended (Indoor)
"East Side Dance Company Presents - Watch Us Dance, Hear Us Speak",2026-01-15,19:00:00,Town Hall,123 West 43rd Street,New York,,,Music,Free,onsale,https://www.ticketmaster.com/east-side-dance-company-presents-watch-new-york-new-york-01-15-2026/event/0300636EC5942717,https://s1.ticketm.net/dam/c/060/c5c08e7a-9912-456c-a060-2758be94e060_105881_TABLET_LANDSCAPE_3_2.jpg,Recommended (Indoor)
Yefim Bronfman Plays Schumann,2026-01-15,19:30:00,David Geffen Hall,10 Lincoln Center Plaza,New York,,,Music,Free,onsale,https://www.ticketmaster.com/event/Z7r9jZ1A7_ePa,https://s1.ticketm.net/dam/a/0c7/c28ccd67-14a5-40f6-9c2b-7da57f8ac0c7_CUSTOM.jpg,Recommended (Indoor)
"LIve Music + Free Two Step Lessons, LIve Music + Free Two Step Lessons",2026-01-15,19:30:00,Lucinda's,169 Avenue A,New York,0.0,0.0,Music,Paid,onsale,https://www.ticketweb.com/event/live-music-free-two-lucindas-tickets/14062744,https://s1.ticketm.net/dam/c/fbc/b293c0ad-c904-4215-bc59-8d7f2414dfbc_106141_RETINA_LANDSCAPE_16_9.jpg,Not Recommended (Outdoor)
Isabel Leonard and John Arida,2026-01-15,20:00:00,Stern Auditorium / Perelman Stage at Carnegie Hall,891 Seventh Avenue,New York,,,Music,Free,onsale,https://www.ticketmaster.com/event/Z7r9jZ1A7_Y0z,https://s1.ticketm.net/dam/c/060/c5c08e7a-9912-456c-a060-2758be94e060_105881_TABLET_LANDSCAPE_3_2.jpg,Recommended (Indoor)
Railroad Earth (16 and Over),2026-01-15,20:00:00,Racket NYC,431 W 16th St,New York,,,Music,Free,onsale,https://www.ticketmaster.com/event/Z7r9jZ1A7r6OM,https://s1.ticketm.net/dam/a/c69/2e7542a5-6245-4df6-8e17-55c7e0cadc69_RETINA_PORTRAIT_3_2.jpg,Not Recommended (Outdoor)
Halsey: Back To Badlands,2026-01-15,20:00:00,Manhattan Center Hammerstein Ballroom,311 West 34th Street,New York,,,Music,Free,onsale,https://www.ticketmaster.com/halsey-back-to-badlands-new-york-new-york-01-15-2026/event/0000631C9BED21E2,https://s1.ticketm.net/dam/a/36a/2a4ad78b-9c0b-472d-9999-fbfd949e136a_CUSTOM.jpg,Recommended (Indoor)
Songwriters Circle I,2026-01-15,20:00:00,Blue Note Jazz Club,131 W. 3rd St,New York,38.1,54.99,Music,Paid,onsale,https://www.ticketweb.com/event/songwriters-circle-i-blue-note-jazz-club-tickets/14641323,https://s1.ticketm.net/dam/c/bea/03d47f66-d37b-4aca-aa17-0135be64dbea_105801_RETINA_PORTRAIT_16_9.jpg,Recommended (Indoor)
Honest Mistakes | Axis + Silky Smooth (DJ Set),2026-01-15,20:00:00,The Bowery Electric,327 Bowery,New York,11.55,11.55,Music,Paid,onsale,https://www.ticketweb.com/event/honest-mistakes-axis-the-bowery-electric-tickets/14059404,https://i.ticketweb.com/i/00/12/78/71/04_Edp.jpg?v=3,Not Recommended (Outdoor)
John Kadlecik + Rob Eaton,2026-01-15,20:30:00,Iridium,1650 Broadway,New York,0.0,0.0,Music,Paid,onsale,https://www.ticketweb.com/event/john-kadlecik-rob-eaton-iridium-tickets/14012604,https://s1.ticketm.net/dam/a/f52/cce743c5-4b0a-4d62-b225-ef450794af52_46561_TABLET_LANDSCAPE_LARGE_16_9.jpg,Not Recommended (Outdoor)
The High Society New Orleans Jazz Band,2026-01-15,20:30:00,Birdland Theater,315 West 44th Street,New York,35.46,45.76,Music,Paid,onsale,https://www.ticketweb.com/event/the-high-society-new-orleans-birdland-theater-tickets/14621833,https://s1.ticketm.net/dam/c/779/d4bc7e11-1b50-4aa4-a2be-0a21569f5779_106531_RETINA_LANDSCAPE_16_9.jpg,Recommended (Indoor)
"sine cera, Skyler Skjelset, The Bird Calls",2026-01-15,21:00:00,Mercury Lounge,217 East Houston St.,New York,,,Music,Free,onsale,https://www.ticketmaster.com/sine-cera-skyler-skjelset-the-bird-new-york-new-york-01-15-2026/event/00006425C9B46F37,https://s1.ticketm.net/dam/a/881/de167c6b-4dbf-491b-9340-55b65fad7881_TABLET_LANDSCAPE_3_2.jpg,Not Recommended (Outdoor)
Delfeayo Marsalis & The Uptown Jazz Orchestra,2026-01-15,21:30:00,Birdland Jazz Club,315 West 44th Street ,New York,45.76,56.06,Music,Paid,onsale,https://www.ticketweb.com/event/delfeayo-marsalis-the-uptown-birdland-jazz-club-tickets/14624573,https://s1.ticketm.net/dam/c/bea/03d47f66-d37b-4aca-aa17-0135be64dbea_105801_RETINA_PORTRAIT_16_9.jpg,Recommended (Indoor)
101 THURSDAYS,2026-01-15,22:00:00,Night Club 101,101 Avenue A,New York,0.0,0.0,Music,Paid,onsale,https://www.ticketweb.com/event/101-thursdays-night-club-101-tickets/14079794,https://s1.ticketm.net/dam/c/df8/81eadad8-4449-412e-a2b1-3d8bbb78edf8_106181_TABLET_LANDSCAPE_3_2.jpg,Recommended (Indoor)
Songwriters Circle I,2026-01-15,22:30:00,Blue Note Jazz Club,131 W. 3rd St,New York,38.1,54.99,Music,Paid,onsale,https://www.ticketweb.com/event/songwriters-circle-i-blue-note-jazz-club-tickets/14641333,https://s1.ticketm.net/dam/c/bea/03d47f66-d37b-4aca-aa17-0135be64dbea_105801_RETINA_PORTRAIT_16_9.jpg,Recommended (Indoor)
The Banksy Museum New York!,2026-01-15,10:00:00,Banksy Museum New York,277 Canal St,New York,,,Arts & Theatre,Free,onsale,https://www.universe.com/events/the-banksy-museum-new-york-tickets-5PKNY0?ref=ticketmaster,https://s1.ticketm.net/dam/a/438/d47dcb31-a7ee-4820-aa73-cc46f2473438_TABLET_LANDSCAPE_16_9.jpg,Not Recommended (Outdoor)
Banksy Museum - Flexiticket,2026-01-15,10:00:00,Banksy Museum New York,277 Canal St,New York,,,Arts & Theatre,Free,onsale,https://www.universe.com/events/banksy-museum-flexiticket-tickets-F7XJ8T?ref=ticketmaster,https://s1.ticketm.net/dam/a/438/d47dcb31-a7ee-4820-aa73-cc46f2473438_TABLET_LANDSCAPE_16_9.jpg,Not Recommended (Outdoor)
The Banksy Museum New York!,2026-01-15,10:30:00,Banksy Museum New York,277 Canal St,New York,,,Arts & Theatre,Free,onsale,https://www.universe.com/events/the-banksy-museum-new-york-tickets-5PKNY0?ref=ticketmaster,https://s1.ticketm.net/dam/a/438/d47dcb31-a7ee-4820-aa73-cc46f2473438_TABLET_LANDSCAPE_16_9.jpg,Not Recommended (Outdoor)
The Banksy Museum New York!,2026-01-15,11:00:00,Banksy Museum New York,277 Canal St,New York,,,Arts & Theatre,Free,onsale,https://www.universe.com/events/the-banksy-museum-new-york-tickets-5PKNY0?ref=ticketmaster,https://s1.ticketm.net/dam/a/438/d47dcb31-a7ee-4820-aa73-cc46f2473438_TABLET_LANDSCAPE_16_9.jpg,Not Recommended (Outdoor)
The Banksy Museum New York!,2026-01-15,11:30:00,Banksy Museum New York,277 Canal St,New York,,,Arts & Theatre,Free,onsale,https://www.universe.com/events/the-banksy-museum-new-york-tickets-5PKNY0?ref=ticketmaster,https://s1.ticketm.net/dam/a/438/d47dcb31-a7ee-4820-aa73-cc46f2473438_TABLET_LANDSCAPE_16_9.jpg,Not Recommended (Outdoor)
The Banksy Museum New York!,2026-01-15,12:00:00,Banksy Museum New York,277 Canal St,New York,,,Arts & Theatre,Free,onsale,https://www.universe.com/events/the-banksy-museum-new-york-tickets-5PKNY0?ref=ticketmaster,https://s1.ticketm.net/dam/a/438/d47dcb31-a7ee-4820-aa73-cc46f2473438_TABLET_LANDSCAPE_16_9.jpg,Not Recommended (Outdoor)
The Banksy Museum New York!,2026-01-15,12:30:00,Banksy Museum New York,277 Canal St,New York,,,Arts & Theatre,Free,onsale,https://www.universe.com/events/the-banksy-museum-new-york-tickets-5PKNY0?ref=ticketmaster,https://s1.ticketm.net/dam/a/438/d47dcb31-a7ee-4820-aa73-cc46f2473438_TABLET_LANDSCAPE_16_9.jpg,Not Recommended (Outdoor)
The Banksy Museum New York!,2026-01-15,13:00:00,Banksy Museum New York,277 Canal St,New York,,,Arts & Theatre,Free,onsale,https://www.universe.com/events/the-banksy-museum-new-york-tickets-5PKNY0?ref=ticketmaster,https://s1.ticketm.net/dam/a/438/d47dcb31-a7ee-4820-aa73-cc46f2473438_TABLET_LANDSCAPE_16_9.jpg,Not Recommended (Outdoor)
Pen Pals,2026-01-15,13:00:00,DR2,103 East 15th Street,New York,,,Arts & Theatre,Free,onsale,https://www.ticketmaster.com/pen-pals-new-york-new-york-01-15-2026/event/Z1r9uZruZqGZ17PUbF,https://s1.ticketm.net/dam/a/72f/5e873588-e208-4d7e-9f38-c9caaaa1b72f_EVENT_DETAIL_PAGE_16_9.jpg,Not Recommended (Outdoor)
The Banksy Museum New York!,2026-01-15,13:30:00,Banksy Museum New York,277 Canal St,New York,,,Arts & Theatre,Free,onsale,https://www.universe.com/events/the-banksy-museum-new-york-tickets-5PKNY0?ref=ticketmaster,https://s1.ticketm.net/dam/a/438/d47dcb31-a7ee-4820-aa73-cc46f2473438_TABLET_LANDSCAPE_16_9.jpg,Not Recommended (Outdoor)
Singfeld! A Musical About Nothing!,2026-01-15,14:00:00,The Theater Center,210 W. 50th Street,New York,,,Arts & Theatre,Free,onsale,https://www.ticketmaster.com/singfeld-a-musical-about-nothing-new-york-new-york-01-15-2026/event/3000637880601DFC,https://s1.ticketm.net/dam/a/111/5a7ae98c-0e1b-4cf1-8d79-86466a845111_TABLET_LANDSCAPE_16_9.jpg,Recommended (Indoor)
The Banksy Museum New York!,2026-01-15,14:00:00,Banksy Museum New York,277 Canal St,New York,,,Arts & Theatre,Free,onsale,https://www.universe.com/events/the-banksy-museum-new-york-tickets-5PKNY0?ref=ticketmaster,https://s1.ticketm.net/dam/a/438/d47dcb31-a7ee-4820-aa73-cc46f2473438_TABLET_LANDSCAPE_16_9.jpg,Not Recommended (Outdoor)
The Great Gatsby,2026-01-15,14:00:00,Broadway Theatre,1681 Broadway,New York,,,Arts & Theatre,Free,onsale,https://www.ticketmaster.com/the-great-gatsby-new-york-new-york-01-15-2026/event/Z1r9uZruZqGZ17Ps4Y,https://s1.ticketm.net/dam/a/16d/0eb1670e-3c8a-4e88-9953-f8584fb9a16d_EVENT_DETAIL_PAGE_16_9.jpg,Recommended (Indoor)
The 25th Annual Putnam County Spelling Bee,2026-01-15,14:00:00,New World Stages - Stage 3,340 W 50th St,New York,,,Arts & Theatre,Free,onsale,https://www.ticketmaster.com/the-25th-annual-putnam-county-spelling-new-york-new-york-01-15-2026/event/Z1r9uZruZqGZ17Py-S,https://s1.ticketm.net/dam/a/0fe/8c1d4514-1703-4a77-a2e5-2a8b8089c0fe_SOURCE,Not Recommended (Outdoor)
The Great Gatsby,2026-01-15,14:00:00,Broadway Theatre-New York,1681 Broadway,New York,,,Arts & Theatre,Free,onsale,https://www.ticketmaster.com/event/Z7r9jZ1A7Q6eZ,https://s1.ticketm.net/dam/a/16d/0eb1670e-3c8a-4e88-9953-f8584fb9a16d_EVENT_DETAIL_PAGE_16_9.jpg,Recommended (Indoor)
The 25th Annual Putnam County Spelling Bee,2026-01-15,14:00:00,New World Stages - Stage 3,340 West 50th Street,New York,,,Arts & Theatre,Free,onsale,https://www.ticketmaster.com/event/Z7r9jZ1A7__pZ,https://s1.ticketm.net/dbimages/10256a.jpg,Not Recommended (Outdoor)
The Banksy Museum New York!,2026-01-15,14:30:00,Banksy Museum New York,277 Canal St,New York,,,Arts & Theatre,Free,onsale,https://www.universe.com/events/the-banksy-museum-new-york-tickets-5PKNY0?ref=ticketmaster,https://s1.ticketm.net/dam/a/438/d47dcb31-a7ee-4820-aa73-cc46f2473438_TABLET_LANDSCAPE_16_9.jpg,Not Recommended (Outdoor)
The Banksy Museum New York!,2026-01-15,15:00:00,Banksy Museum New York,277 Canal St,New York,,,Arts & Theatre,Free,onsale,https://www.universe.com/events/the-banksy-museum-new-york-tickets-5PKNY0?ref=ticketmaster,https://s1.ticketm.net/dam/a/438/d47dcb31-a7ee-4820-aa73-cc46f2473438_TABLET_LANDSCAPE_16_9.jpg,Not Recommended (Outdoor)
The Banksy Museum New York!,2026-01-15,15:30:00,Banksy Museum New York,277 Canal St,New York,,,Arts & Theatre,Free,onsale,https://www.universe.com/events/the-banksy-museum-new-york-tickets-5PKNY0?ref=ticketmaster,https://s1.ticketm.net/dam/a/438/d47dcb31-a7ee-4820-aa73-cc46f2473438_TABLET_LANDSCAPE_16_9.jpg,Not Recommended (Outdoor)
The Banksy Museum New York!,2026-01-15,16:00:00,Banksy Museum New York,277 Canal St,New York,,,Arts & Theatre,Free,onsale,https://www.universe.com/events/the-banksy-museum-new-york-tickets-5PKNY0?ref=ticketmaster,https://s1.ticketm.net/dam/a/438/d47dcb31-a7ee-4820-aa73-cc46f2473438_TABLET_LANDSCAPE_16_9.jpg,Not Recommended (Outdoor)
The Banksy Museum New York!,2026-01-15,16:30:00,Banksy Museum New York,277 Canal St,New York,,,Arts & Theatre,Free,onsale,https://www.universe.com/events/the-banksy-museum-new-york-tickets-5PKNY0?ref=ticketmaster,https://s1.ticketm.net/dam/a/438/d47dcb31-a7ee-4820-aa73-cc46f2473438_TABLET_LANDSCAPE_16_9.jpg,Not Recommended (Outdoor)
The Banksy Museum New York!,2026-01-15,17:00:00,Banksy Museum New York,277 Canal St,New York,,,Arts & Theatre,Free,onsale,https://www.universe.com/events/the-banksy-museum-new-york-tickets-5PKNY0?ref=ticketmaster,https://s1.ticketm.net/dam/a/438/d47dcb31-a7ee-4820-aa73-cc46f2473438_TABLET_LANDSCAPE_16_9.jpg,Not Recommended (Outdoor)
The Banksy Museum New York!,2026-01-15,17:30:00,Banksy Museum New York,277 Canal St,New York,,,Arts & Theatre,Free,onsale,https://www.universe.com/events/the-banksy-museum-new-york-tickets-5PKNY0?ref=ticketmaster,https://s1.ticketm.net/dam/a/438/d47dcb31-a7ee-4820-aa73-cc46f2473438_TABLET_LANDSCAPE_16_9.jpg,Not Recommended (Outdoor)
The Banksy Museum New York!,2026-01-15,18:00:00,Banksy Museum New York,277 Canal St,New York,,,Arts & Theatre,Free,onsale,https://www.universe.com/events/the-banksy-museum-new-york-tickets-5PKNY0?ref=ticketmaster,https://s1.ticketm.net/dam/a/438/d47dcb31-a7ee-4820-aa73-cc46f2473438_TABLET_LANDSCAPE_16_9.jpg,Not Recommended (Outdoor)
The Disappear,2026-01-15,18:30:00,Audible's Minetta Lane Theatre,18 Minetta Lane,New York,,,Arts & Theatre,Free,onsale,https://www.ticketmaster.com/the-disappear-new-york-new-york-01-15-2026/event/30006364DEF26041,https://s1.ticketm.net/dam/a/d29/899cc93f-5e9d-4621-b1ed-86e5e7d89d29_RETINA_PORTRAIT_3_2.jpg,Recommended (Indoor)
The Banksy Museum New York!,2026-01-15,18:30:00,Banksy Museum New York,277 Canal St,New York,,,Arts & Theatre,Free,onsale,https://www.universe.com/events/the-banksy-museum-new-york-tickets-5PKNY0?ref=ticketmaster,https://s1.ticketm.net/dam/a/438/d47dcb31-a7ee-4820-aa73-cc46f2473438_TABLET_LANDSCAPE_16_9.jpg,Not Recommended (Outdoor)
The Banksy Museum New York!,2026-01-15,19:00:00,Banksy Museum New York,277 Canal St,New York,,,Arts & Theatre,Free,onsale,https://www.universe.com/events/the-banksy-museum-new-york-tickets-5PKNY0?ref=ticketmaster,https://s1.ticketm.net/dam/a/438/d47dcb31-a7ee-4820-aa73-cc46f2473438_TABLET_LANDSCAPE_16_9.jpg,Not Recommended (Outdoor)
"Six (New York, NY)",2026-01-15,19:00:00,Lena Horne Theatre,256 West 47th Street,New York,,,Arts & Theatre,Free,onsale,https://www.ticketmaster.com/six-new-york-ny-new-york-new-york-01-15-2026/event/Z1r9uZrrZbpZ1Av474-,https://s1.ticketm.net/dam/a/26a/ae570422-5c6d-401a-8dae-8545b131126a_1248581_TABLET_LANDSCAPE_3_2.jpg,Recommended (Indoor)
Yefim Bronfman Plays Schumann,2026-01-16,14:00:00,David Geffen Hall,10 Lincoln Center Plaza,New York,,,Music,Free,onsale,https://www.ticketmaster.com/event/Z7r9jZ1A7_eP8,https://s1.ticketm.net/dam/a/0c7/c28ccd67-14a5-40f6-9c2b-7da57f8ac0c7_CUSTOM.jpg,Recommended (Indoor)
Birdland Big Band,2026-01-16,17:30:00,Birdland Jazz Club,315 West 44th Street ,New York,35.46,45.76,Music,Paid,onsale,https://www.ticketweb.com/event/birdland-big-band-birdland-jazz-club-tickets/14621923,https://i.ticketweb.com/i/00/13/24/45/43_Edp.jpg?v=3,Recommended (Indoor)
"Miss Teen America, eve claret, Fare Evasion",2026-01-16,18:00:00,Mercury Lounge,217 East Houston St.,New York,,,Music,Free,onsale,https://www.ticketmaster.com/miss-teen-america-eve-claret-fare-new-york-new-york-01-16-2026/event/00006427C59481B6,https://s1.ticketm.net/dam/a/bd0/6f02f84f-8bc6-40d0-b017-5526b79acbd0_CUSTOM.jpg,Not Recommended (Outdoor)
"Bishop Allen, Mates of State",2026-01-16,19:00:00,Bowery Ballroom,6 Delancey St.,New York,,,Music,Free,onsale,https://www.ticketmaster.com/bishop-allen-mates-of-state-new-york-new-york-01-16-2026/event/0000633AEC516E6C,https://s1.ticketm.net/dam/e/54c/0454647c-1d68-4c49-aa81-d1f95d46054c_TABLET_LANDSCAPE_3_2.jpg,Not Recommended (Outdoor)
Cate Le Bon,2026-01-16,19:00:00,Irving Plaza Powered By Verizon 5G,17 Irving Place,New York,,,Music,Free,onsale,https://www.ticketmaster.com/cate-le-bon-new-york-new-york-01-16-2026/event/000062BFE15F4728,https://s1.ticketm.net/dam/a/b12/82f7e536-ddf4-42d3-a82e-67a70da33b12_EVENT_DETAIL_PAGE_16_9.jpg,Not Recommended (Outdoor)
The Lovestruck Balladeers,2026-01-16,19:00:00,Birdland Theater,315 West 44th Street,New York,35.46,45.76,Music,Paid,onsale,https://www.ticketweb.com/event/the-lovestruck-balladeers-birdland-theater-tickets/14669983,https://s1.ticketm.net/dam/c/bea/03d47f66-d37b-4aca-aa17-0135be64dbea_105801_RETINA_PORTRAIT_16_9.jpg,Recommended (Indoor)
Mo (16 and Over),2026-01-16,19:30:00,Webster Hall,125 East 11th Street,New York,,,Music,Free,onsale,https://www.ticketmaster.com/event/Z7r9jZ1A7QA0v,https://s1.ticketm.net/dam/c/03e/e15ef00f-2c87-4421-ae61-d740851a703e_105891_TABLET_LANDSCAPE_LARGE_16_9.jpg,Recommended (Indoor)
PRIZILLA • Recess,2026-01-16,19:30:00,Berlin,25 Avenue A,New York,11.55,11.55,Music,Paid,onsale,https://www.ticketweb.com/event/prizilla-recess-berlin-tickets/14657393,https://s1.ticketm.net/dam/c/797/5e693c26-2881-4776-8f0c-3aa94bfa3797_106511_RETINA_PORTRAIT_16_9.jpg,Not Recommended (Outdoor)
"Local Weatherman, Retail Drugs, K. Porcelain",2026-01-16,19:30:00,Night Club 101,101 Avenue A,New York,23.62,23.62,Music,Paid,onsale,https://www.ticketweb.com/event/local-weatherman-retail-drugs-k-night-club-101-tickets/14729693,https://s1.ticketm.net/dam/c/797/5e693c26-2881-4776-8f0c-3aa94bfa3797_106511_RETINA_PORTRAIT_16_9.jpg,Recommended (Indoor)
Bi-2 (16 & Over),2026-01-16,20:00:00,Terminal 5,610 W. 56th Street,New York,,,Music,Free,onsale,https://www.ticketmaster.com/event/Z7r9jZ1A7p_u-,https://s1.ticketm.net/dam/a/268/3e9beaff-3198-4d57-abb0-bd77f1171268_187221_TABLET_LANDSCAPE_16_9.jpg,Not Recommended (Outdoor)
The Bobby Nsenga Experience,2026-01-16,20:00:00,Sony Hall,235 W 46th St,New York,40.55,70.01,Music,Paid,onsale,https://www.ticketweb.com/event/the-bobby-nsenga-experience-sony-hall-tickets/14695553,https://s1.ticketm.net/dam/c/48b/2352e3b5-8496-496b-97a3-e605177e848b_105851_CUSTOM.jpg,Recommended (Indoor)
Snarky Puppy Guitars,2026-01-16,20:00:00,Blue Note Jazz Club,131 W. 3rd St,New York,54.99,66.32,Music,Paid,onsale,https://www.ticketweb.com/event/snarky-puppy-guitars-blue-note-jazz-club-tickets/14641363,https://i.ticketweb.com/i/00/13/26/48/73_Edp.jpg?v=6,Recommended (Indoor)
Wonny Jane • Second Adolescence • Alex Plain,2026-01-16,20:00:00,The Bowery Electric,327 Bowery,New York,11.55,11.55,Music,Paid,onsale,https://www.ticketweb.com/event/wonny-jane-second-adolescence-the-bowery-electric-tickets/14708903,https://s1.ticketm.net/dam/c/060/c5c08e7a-9912-456c-a060-2758be94e060_105881_TABLET_LANDSCAPE_3_2.jpg,Not Recommended (Outdoor)
Albert Lee,2026-01-16,20:30:00,Iridium,1650 Broadway,New York,62.19,62.19,Music,Paid,onsale,https://www.ticketweb.com/event/albert-lee-iridium-tickets/13910214,https://s1.ticketm.net/dam/c/bea/03d47f66-d37b-4aca-aa17-0135be64dbea_105801_EVENT_DETAIL_PAGE_16_9.jpg,Not Recommended (Outdoor)
Live Country Karaoke Band,2026-01-16,20:30:00,Lucinda's,169 Avenue A,New York,0.0,0.0,Music,Paid,onsale,https://www.ticketweb.com/event/live-country-karaoke-band-lucindas-tickets/14696043,https://s1.ticketm.net/dam/c/677/c58dd0af-cda8-49b2-bdaf-068540c3a677_106541_RETINA_PORTRAIT_16_9.jpg,Not Recommended (Outdoor)
Delfeayo Marsalis & The Uptown Jazz Orchestra,2026-01-16,20:30:00,Birdland Jazz Club,315 West 44th Street ,New York,45.76,56.06,Music,Paid,onsale,https://www.ticketweb.com/event/delfeayo-marsalis-the-uptown-birdland-jazz-club-tickets/14624673,https://s1.ticketm.net/dam/c/bea/03d47f66-d37b-4aca-aa17-0135be64dbea_105801_RETINA_PORTRAIT_16_9.jpg,Recommended (Indoor)
"Driftwood, Pressing Strings",2026-01-16,21:00:00,Mercury Lounge,217 East Houston St.,New York,,,Music,Free,onsale,https://www.ticketmaster.com/driftwood-pressing-strings-new-york-new-york-01-16-2026/event/00006373917B7574,https://s1.ticketm.net/dam/e/6aa/3f6e5395-3dfd-420a-a828-dbd4c927f6aa_TABLET_LANDSCAPE_LARGE_16_9.jpg,Not Recommended (Outdoor)
The Lovestruck Balladeers,2026-01-16,21:30:00,Birdland Theater,315 West 44th Street,New York,35.46,45.76,Music,Paid,onsale,https://www.ticketweb.com/event/the-lovestruck-balladeers-birdland-theater-tickets/14670013,https://s1.ticketm.net/dam/c/bea/03d47f66-d37b-4aca-aa17-0135be64dbea_105801_RETINA_PORTRAIT_16_9.jpg,Recommended (Indoor)
Snarky Puppy Guitars,2026-01-16,22:30:00,Blue Note Jazz Club,131 W. 3rd St,New York,54.99,66.32,Music,Paid,onsale,https://www.ticketweb.com/event/snarky-puppy-guitars-blue-note-jazz-club-tickets/14641373,https://i.ticketweb.com/i/00/13/26/48/73_Edp.jpg?v=6,Recommended (Indoor)
Delfeayo Marsalis & The Uptown Jazz Orchestra,2026-01-16,22:30:00,Birdland Jazz Club,315 West 44th Street ,New York,45.76,56.06,Music,Paid,onsale,https://www.ticketweb.com/event/delfeayo-marsalis-the-uptown-birdland-jazz-club-tickets/14624703,https://s1.ticketm.net/dam/c/bea/03d47f66-d37b-4aca-aa17-0135be64dbea_105801_RETINA_PORTRAIT_16_9.jpg,Recommended (Indoor)
The Banksy Museum New York!,2026-01-16,10:00:00,Banksy Museum New York,277 Canal St,New York,,,Arts & Theatre,Free,onsale,https://www.universe.com/events/the-banksy-museum-new-york-tickets-5PKNY0?ref=ticketmaster,https://s1.ticketm.net/dam/a/438/d47dcb31-a7ee-4820-aa73-cc46f2473438_TABLET_LANDSCAPE_16_9.jpg,Not Recommended (Outdoor)
Banksy Museum - Flexiticket,2026-01-16,10:00:00,Banksy Museum New York,277 Canal St,New York,,,Arts & Theatre,Free,onsale,https://www.universe.com/events/banksy-museum-flexiticket-tickets-F7XJ8T?ref=ticketmaster,https://s1.ticketm.net/dam/a/438/d47dcb31-a7ee-4820-aa73-cc46f2473438_TABLET_LANDSCAPE_16_9.jpg,Not Recommended (Outdoor)
The Banksy Museum New York!,2026-01-16,10:30:00,Banksy Museum New York,277 Canal St,New York,,,Arts & Theatre,Free,onsale,https://www.universe.com/events/the-banksy-museum-new-york-tickets-5PKNY0?ref=ticketmaster,https://s1.ticketm.net/dam/a/438/d47dcb31-a7ee-4820-aa73-cc46f2473438_TABLET_LANDSCAPE_16_9.jpg,Not Recommended (Outdoor)
The Banksy Museum New York!,2026-01-16,11:00:00,Banksy Museum New York,277 Canal St,New York,,,Arts & Theatre,Free,onsale,https://www.universe.com/events/the-banksy-museum-new-york-tickets-5PKNY0?ref=ticketmaster,https://s1.ticketm.net/dam/a/438/d47dcb31-a7ee-4820-aa73-cc46f2473438_TABLET_LANDSCAPE_16_9.jpg,Not Recommended (Outdoor)
The Banksy Museum New York!,2026-01-16,11:30:00,Banksy Museum New York,277 Canal St,New York,,,Arts & Theatre,Free,onsale,https://www.universe.com/events/the-banksy-museum-new-york-tickets-5PKNY0?ref=ticketmaster,https://s1.ticketm.net/dam/a/438/d47dcb31-a7ee-4820-aa73-cc46f2473438_TABLET_LANDSCAPE_16_9.jpg,Not Recommended (Outdoor)
The Banksy Museum New York!,2026-01-16,12:00:00,Banksy Museum New York,277 Canal St,New York,,,Arts & Theatre,Free,onsale,https://www.universe.com/events/the-banksy-museum-new-york-tickets-5PKNY0?ref=ticketmaster,https://s1.ticketm.net/dam/a/438/d47dcb31-a7ee-4820-aa73-cc46f2473438_TABLET_LANDSCAPE_16_9.jpg,Not Recommended (Outdoor)
The Banksy Museum New York!,2026-01-16,12:30:00,Banksy Museum New York,277 Canal St,New York,,,Arts & Theatre,Free,onsale,https://www.universe.com/events/the-banksy-museum-new-york-tickets-5PKNY0?ref=ticketmaster,https://s1.ticketm.net/dam/a/438/d47dcb31-a7ee-4820-aa73-cc46f2473438_TABLET_LANDSCAPE_16_9.jpg,Not Recommended (Outdoor)
The Banksy Museum New York!,2026-01-16,13:00:00,Banksy Museum New York,277 Canal St,New York,,,Arts & Theatre,Free,onsale,https://www.universe.com/events/the-banksy-museum-new-york-tickets-5PKNY0?ref=ticketmaster,https://s1.ticketm.net/dam/a/438/d47dcb31-a7ee-4820-aa73-cc46f2473438_TABLET_LANDSCAPE_16_9.jpg,Not Recommended (Outdoor)
The Banksy Museum New York!,2026-01-16,13:30:00,Banksy Museum New York,277 Canal St,New York,,,Arts & Theatre,Free,onsale,https://www.universe.com/events/the-banksy-museum-new-york-tickets-5PKNY0?ref=ticketmaster,https://s1.ticketm.net/dam/a/438/d47dcb31-a7ee-4820-aa73-cc46f2473438_TABLET_LANDSCAPE_16_9.jpg,Not Recommended (Outdoor)
The Banksy Museum New York!,2026-01-16,14:00:00,Banksy Museum New York,277 Canal St,New York,,,Arts & Theatre,Free,onsale,https://www.universe.com/events/the-banksy-museum-new-york-tickets-5PKNY0?ref=ticketmaster,https://s1.ticketm.net/dam/a/438/d47dcb31-a7ee-4820-aa73-cc46f2473438_TABLET_LANDSCAPE_16_9.jpg,Not Recommended (Outdoor)
Yefim Bronfman Plays Schumann,2026-01-16,14:00:00,David Geffen Hall,10 Lincoln Center Plaza,New York,,,Music,Free,onsale,https://www.ticketmaster.com/event/Z7r9jZ1A7_eP8,https://s1.ticketm.net/dam/a/0c7/c28ccd67-14a5-40f6-9c2b-7da57f8ac0c7_CUSTOM.jpg,Recommended (Indoor)
The Banksy Museum New York!,2026-01-16,14:30:00,Banksy Museum New York,277 Canal St,New York,,,Arts & Theatre,Free,onsale,https://www.universe.com/events/the-banksy-museum-new-york-tickets-5PKNY0?ref=ticketmaster,https://s1.ticketm.net/dam/a/438/d47dcb31-a7ee-4820-aa73-cc46f2473438_TABLET_LANDSCAPE_16_9.jpg,Not Recommended (Outdoor)
The Banksy Museum New York!,2026-01-16,15:00:00,Banksy Museum New York,277 Canal St,New York,,,Arts & Theatre,Free,onsale,https://www.universe.com/events/the-banksy-museum-new-york-tickets-5PKNY0?ref=ticketmaster,https://s1.ticketm.net/dam/a/438/d47dcb31-a7ee-4820-aa73-cc46f2473438_TABLET_LANDSCAPE_16_9.jpg,Not Recommended (Outdoor)
The Banksy Museum New York!,2026-01-16,15:30:00,Banksy Museum New York,277 Canal St,New York,,,Arts & Theatre,Free,onsale,https://www.universe.com/events/the-banksy-museum-new-york-tickets-5PKNY0?ref=ticketmaster,https://s1.ticketm.net/dam/a/438/d47dcb31-a7ee-4820-aa73-cc46f2473438_TABLET_LANDSCAPE_16_9.jpg,Not Recommended (Outdoor)
The Banksy Museum New York!,2026-01-16,16:00:00,Banksy Museum New York,277 Canal St,New York,,,Arts & Theatre,Free,onsale,https://www.universe.com/events/the-banksy-museum-new-york-tickets-5PKNY0?ref=ticketmaster,https://s1.ticketm.net/dam/a/438/d47dcb31-a7ee-4820-aa73-cc46f2473438_TABLET_LANDSCAPE_16_9.jpg,Not Recommended (Outdoor)
The Banksy Museum New York!,2026-01-16,16:30:00,Banksy Museum New York,277 Canal St,New York,,,Arts & Theatre,Free,onsale,https://www.universe.com/events/the-banksy-museum-new-york-tickets-5PKNY0?ref=ticketmaster,https://s1.ticketm.net/dam/a/438/d47dcb31-a7ee-4820-aa73-cc46f2473438_TABLET_LANDSCAPE_16_9.jpg,Not Recommended (Outdoor)
The Banksy Museum New York!,2026-01-16,17:00:00,Banksy Museum New York,277 Canal St,New York,,,Arts & Theatre,Free,onsale,https://www.universe.com/events/the-banksy-museum-new-york-tickets-5PKNY0?ref=ticketmaster,https://s1.ticketm.net/dam/a/438/d47dcb31-a7ee-4820-aa73-cc46f2473438_TABLET_LANDSCAPE_16_9.jpg,Not Recommended (Outdoor)
The Banksy Museum New York!,2026-01-16,17:30:00,Banksy Museum New York,277 Canal St,New York,,,Arts & Theatre,Free,onsale,https://www.universe.com/events/the-banksy-museum-new-york-tickets-5PKNY0?ref=ticketmaster,https://s1.ticketm.net/dam/a/438/d47dcb31-a7ee-4820-aa73-cc46f2473438_TABLET_LANDSCAPE_16_9.jpg,Not Recommended (Outdoor)
The Banksy Museum New York!,2026-01-16,18:00:00,Banksy Museum New York,277 Canal St,New York,,,Arts & Theatre,Free,onsale,https://www.universe.com/events/the-banksy-museum-new-york-tickets-5PKNY0?ref=ticketmaster,https://s1.ticketm.net/dam/a/438/d47dcb31-a7ee-4820-aa73-cc46f2473438_TABLET_LANDSCAPE_16_9.jpg,Not Recommended (Outdoor)
The Banksy Museum New York!,2026-01-16,18:30:00,Banksy Museum New York,277 Canal St,New York,,,Arts & Theatre,Free,onsale,https://www.universe.com/events/the-banksy-museum-new-york-tickets-5PKNY0?ref=ticketmaster,https://s1.ticketm.net/dam/a/438/d47dcb31-a7ee-4820-aa73-cc46f2473438_TABLET_LANDSCAPE_16_9.jpg,Not Recommended (Outdoor)
Paul Chowdhry: Artificial Indian Tour,2026-01-16,18:30:00,Gramercy Theatre,127 East 23rd Street,New York,,,Arts & Theatre,Free,onsale,https://www.ticketmaster.com/paul-chowdhry-artificial-indian-tour-new-york-new-york-01-16-2026/event/00006358E577A8C1,https://s1.ticketm.net/dam/a/335/bbb85b7f-26d2-48fe-b37a-42ed8e592335_ARTIST_PAGE_3_2.jpg,Recommended (Indoor)
The Office! A Musical Parody,2026-01-16,19:00:00,The Theater Center,210 W. 50th Street,New York,,,Arts & Theatre,Free,onsale,https://www.ticketmaster.com/the-office-a-musical-parody-new-york-new-york-01-16-2026/event/3000637881752083,https://s1.ticketm.net/dam/a/d2c/92bcdb8b-d8f3-4d66-8f26-7a323690cd2c_760641_TABLET_LANDSCAPE_16_9.jpg,Recommended (Indoor)
The Disappear,2026-01-16,19:00:00,Audible's Minetta Lane Theatre,18 Minetta Lane,New York,,,Arts & Theatre,Free,onsale,https://www.ticketmaster.com/the-disappear-new-york-new-york-01-16-2026/event/30006364DEF46043,https://s1.ticketm.net/dam/a/d29/899cc93f-5e9d-4621-b1ed-86e5e7d89d29_RETINA_PORTRAIT_3_2.jpg,Recommended (Indoor)
Josh Johnson: The Flowers Tour,2026-01-16,19:00:00,Beacon Theatre,2124 Broadway @ 74th St,New York,,,Arts & Theatre,Free,onsale,https://www.ticketmaster.com/josh-johnson-the-flowers-tour-new-york-new-york-01-16-2026/event/3B0062FCC15B15E8,https://s1.ticketm.net/dam/a/faf/3c43337b-681b-48b9-9c9d-347d96b42faf_RETINA_PORTRAIT_3_2.jpg,Recommended (Indoor)
The Banksy Museum New York!,2026-01-16,19:00:00,Banksy Museum New York,277 Canal St,New York,,,Arts & Theatre,Free,onsale,https://www.universe.com/events/the-banksy-museum-new-york-tickets-5PKNY0?ref=ticketmaster,https://s1.ticketm.net/dam/a/438/d47dcb31-a7ee-4820-aa73-cc46f2473438_TABLET_LANDSCAPE_16_9.jpg,Not Recommended (Outdoor)
"Six (New York, NY)",2026-01-16,19:00:00,Lena Horne Theatre,256 West 47th Street,New York,,,Arts & Theatre,Free,onsale,https://www.ticketmaster.com/six-new-york-ny-new-york-new-york-01-16-2026/event/Z1r9uZrrZbpZ1Av47fY,https://s1.ticketm.net/dam/a/26a/ae570422-5c6d-401a-8dae-8545b131126a_1248581_TABLET_LANDSCAPE_3_2.jpg,Recommended (Indoor)
Death Becomes Her,2026-01-16,19:00:00,Lunt-Fontanne Theatre,205 West 46th Street,New York,,,Arts & Theatre,Free,onsale,https://www.ticketmaster.com/death-becomes-her-new-york-new-york-01-16-2026/event/Z1r9uZrrZbpZ1Av4E_U,https://s1.ticketm.net/dam/a/62a/cbfce925-8919-4c5f-9efb-9472f842e62a_SOURCE,Recommended (Indoor)
Wicked (NY),2026-01-16,19:00:00,Gershwin Theatre,222 West 51st Street,New York,,,Arts & Theatre,Free,onsale,https://www.ticketmaster.com/wicked-ny-new-york-new-york-01-16-2026/event/Z1r9uZrrZbpZ1AvGwuM,https://s1.ticketm.net/dam/a/881/dd224eeb-5c9b-4340-bdbf-57351bf04881_1734241_RECOMENDATION_16_9.jpg,Recommended (Indoor)
MJ,2026-01-16,19:00:00,Neil Simon Theatre,250 West 52nd Street,New York,,,Arts & Theatre,Free,onsale,https://www.ticketmaster.com/mj-new-york-new-york-01-16-2026/event/Z1r9uZrrZbpZ1AvQovw,https://s1.ticketm.net/dam/a/cfd/122be1ff-687b-4676-87de-65fb2a07ecfd_1248631_CUSTOM.jpg,Recommended (Indoor)
Hamilton (NY),2026-01-16,19:00:00,Richard Rodgers Theatre,226 West 46th Street,New York,,,Arts & Theatre,Free,onsale,https://www.ticketmaster.com/hamilton-ny-new-york-new-york-01-16-2026/event/Z1r9uZrrZbpZ1Av_81_,https://s1.ticketm.net/dam/a/00f/b9aebee0-d1cb-4a5c-8e0e-0ca03fd4d00f_ARTIST_PAGE_3_2.jpg,Recommended (Indoor)
Pasquale Grasso Trio,2026-01-17,17:30:00,Birdland Jazz Club,315 West 44th Street ,New York,35.46,45.76,Music,Paid,onsale,https://www.ticketweb.com/event/pasquale-grasso-trio-birdland-jazz-club-tickets/14624733,https://s1.ticketm.net/dam/c/bea/03d47f66-d37b-4aca-aa17-0135be64dbea_105801_RETINA_PORTRAIT_16_9.jpg,Recommended (Indoor)
Brian Aubert,2026-01-17,18:00:00,Mercury Lounge,217 East Houston St.,New York,,,Music,Free,onsale,https://www.ticketmaster.com/brian-aubert-new-york-new-york-01-17-2026/event/00006388C0DEA283,https://s1.ticketm.net/dam/e/3c2/e92a0e47-693a-490a-9bd7-9479e450e3c2_RETINA_LANDSCAPE_16_9.jpg,Not Recommended (Outdoor)
THE MOM DANCE PARTY™ — NYC Launch Sound by DJ K Styles,2026-01-17,19:00:00,Map Room at Bowery Electric,327 Bowery Street,New York,33.4,33.4,Music,Paid,onsale,https://www.ticketweb.com/event/the-mom-dance-party-map-room-at-bowery-electric-tickets/14033024,https://s1.ticketm.net/dam/c/df8/81eadad8-4449-412e-a2b1-3d8bbb78edf8_106181_TABLET_LANDSCAPE_3_2.jpg,Not Recommended (Outdoor)
The Lovestruck Balladeers,2026-01-17,19:00:00,Birdland Theater,315 West 44th Street,New York,35.46,45.76,Music,Paid,onsale,https://www.ticketweb.com/event/the-lovestruck-balladeers-birdland-theater-tickets/14670003,https://s1.ticketm.net/dam/c/bea/03d47f66-d37b-4aca-aa17-0135be64dbea_105801_RETINA_PORTRAIT_16_9.jpg,Recommended (Indoor)
Yefim Bronfman Plays Schumann,2026-01-17,19:30:00,David Geffen Hall,10 Lincoln Center Plaza,New York,,,Music,Free,onsale,https://www.ticketmaster.com/event/Z7r9jZ1A7_ePo,https://s1.ticketm.net/dam/a/0c7/c28ccd67-14a5-40f6-9c2b-7da57f8ac0c7_CUSTOM.jpg,Recommended (Indoor)
Someone Upstairs | Talkhouse | Alphabet City,2026-01-17,19:30:00,Berlin,25 Avenue A,New York,12.44,12.44,Music,Paid,onsale,https://www.ticketweb.com/event/someone-upstairs-talkhouse-berlin-tickets/14048514,https://s1.ticketm.net/dam/c/fbc/b293c0ad-c904-4215-bc59-8d7f2414dfbc_106141_RETINA_LANDSCAPE_16_9.jpg,Not Recommended (Outdoor)
Takuya Nakamura,2026-01-17,20:00:00,Bowery Ballroom,6 Delancey St.,New York,,,Music,Free,onsale,https://www.ticketmaster.com/takuya-nakamura-new-york-new-york-01-17-2026/event/0000634EDE328384,https://s1.ticketm.net/dam/e/12d/64742d16-bd5f-4aee-8855-f2863743912d_TABLET_LANDSCAPE_3_2.jpg,Not Recommended (Outdoor)
Snarky Puppy Guitars,2026-01-17,20:00:00,Blue Note Jazz Club,131 W. 3rd St,New York,54.99,54.99,Music,Paid,onsale,https://www.ticketweb.com/event/snarky-puppy-guitars-blue-note-jazz-club-tickets/14641393,https://i.ticketweb.com/i/00/13/26/48/73_Edp.jpg?v=6,Recommended (Indoor)
Back To The Eighties Show with Jessie's Girl,2026-01-17,20:00:00,S.O.B.'s,204 Varick St.,New York,45.72,75.06,Music,Paid,onsale,https://www.ticketweb.com/event/back-to-the-eighties-show-sobs-tickets/14607973,https://s1.ticketm.net/dam/a/25c/1d958219-65b8-4ef1-a0ff-603224e6725c_RETINA_PORTRAIT_3_2.jpg,Not Recommended (Outdoor)
"Bones Forever, Chloe Southern, Paris Archives",2026-01-17,20:00:00,Night Club 101,101 Avenue A,New York,23.62,23.62,Music,Paid,onsale,https://www.ticketweb.com/event/bones-forever-chloe-southern-paris-night-club-101-tickets/14075614,https://s1.ticketm.net/dam/c/060/c5c08e7a-9912-456c-a060-2758be94e060_105881_TABLET_LANDSCAPE_3_2.jpg,Recommended (Indoor)
Mohamed Ramadan (live) in NYC,2026-01-17,20:30:00,The Theater at MSG,7th Ave & 32nd Street,New York,,,Music,Free,onsale,https://www.ticketmaster.com/mohamed-ramadan-live-in-nyc-new-york-new-york-01-17-2026/event/3B006326E1231A4C,https://s1.ticketm.net/dam/a/8ae/c1fcd4c8-15da-4ca2-ba90-aaa2538018ae_CUSTOM.jpg,Recommended (Indoor)
Albert Lee,2026-01-17,20:30:00,Iridium,1650 Broadway,New York,51.0,62.19,Music,Paid,onsale,https://www.ticketweb.com/event/albert-lee-iridium-tickets/13910224,https://s1.ticketm.net/dam/c/bea/03d47f66-d37b-4aca-aa17-0135be64dbea_105801_EVENT_DETAIL_PAGE_16_9.jpg,Not Recommended (Outdoor)
Live Country Party Band,2026-01-17,20:30:00,Lucinda's,169 Avenue A,New York,0.0,0.0,Music,Paid,onsale,https://www.ticketweb.com/event/live-country-party-band-lucindas-tickets/14696293,https://s1.ticketm.net/dam/c/677/c58dd0af-cda8-49b2-bdaf-068540c3a677_106541_RETINA_PORTRAIT_16_9.jpg,Not Recommended (Outdoor)
Delfeayo Marsalis & The Uptown Jazz Orchestra,2026-01-17,20:30:00,Birdland Jazz Club,315 West 44th Street ,New York,45.76,45.76,Music,Paid,onsale,https://www.ticketweb.com/event/delfeayo-marsalis-the-uptown-birdland-jazz-club-tickets/14624693,https://s1.ticketm.net/dam/c/bea/03d47f66-d37b-4aca-aa17-0135be64dbea_105801_RETINA_PORTRAIT_16_9.jpg,Recommended (Indoor)
"Off Term, Good News!",2026-01-17,21:00:00,Mercury Lounge,217 East Houston St.,New York,,,Music,Free,onsale,https://www.ticketmaster.com/off-term-good-news-new-york-new-york-01-17-2026/event/00006371D243C25B,https://s1.ticketm.net/dam/e/eff/dded37ff-f724-40dd-bc8d-c6e1fb384eff_RECOMENDATION_16_9.jpg,Not Recommended (Outdoor)
The Lovestruck Balladeers,2026-01-17,21:30:00,Birdland Theater,315 West 44th Street,New York,35.46,45.76,Music,Paid,onsale,https://www.ticketweb.com/event/the-lovestruck-balladeers-birdland-theater-tickets/14670023,https://s1.ticketm.net/dam/c/bea/03d47f66-d37b-4aca-aa17-0135be64dbea_105801_RETINA_PORTRAIT_16_9.jpg,Recommended (Indoor)
Reggae Fest NYC MLK Weekend at Irving Plaza,2026-01-17,22:00:00,Irving Plaza Powered By Verizon 5G,17 Irving Place,New York,,,Music,Free,onsale,https://www.universe.com/events/reggae-fest-nyc-mlk-weekend-at-irving-plaza-tickets-HX3NTB?ref=ticketmaster,https://s1.ticketm.net/dam/a/510/db6fc217-d801-463d-a374-9aaae8de3510_EVENT_DETAIL_PAGE_16_9.jpg,Not Recommended (Outdoor)
Reggae Fest,2026-01-17,22:00:00,Irving Plaza,17 Irving Place,New York,,,Music,Free,onsale,https://www.ticketmaster.com/event/Z7r9jZ1A7OfOI,https://s1.ticketm.net/dam/a/510/db6fc217-d801-463d-a374-9aaae8de3510_RETINA_PORTRAIT_3_2.jpg,Not Recommended (Outdoor)
"Supertall (DJ), Veronica Everheart + Juni (DJ), My Transparent Eye (DJ), Cole Haden (DJ)",2026-01-17,22:00:00,Night Club 101,101 Avenue A,New York,0.0,0.0,Music,Paid,onsale,https://www.ticketweb.com/event/supertall-dj-veronica-everheart-night-club-101-tickets/14075914,https://i.ticketweb.com/i/00/12/80/31/24_Edp.jpg?v=3,Recommended (Indoor)
Snarky Puppy Guitars,2026-01-17,22:30:00,Blue Note Jazz Club,131 W. 3rd St,New York,54.99,66.32,Music,Paid,onsale,https://www.ticketweb.com/event/snarky-puppy-guitars-blue-note-jazz-club-tickets/14641413,https://i.ticketweb.com/i/00/13/26/48/73_Edp.jpg?v=6,Recommended (Indoor)
Delfeayo Marsalis & The Uptown Jazz Orchestra,2026-01-17,22:30:00,Birdland Jazz Club,315 West 44th Street ,New York,45.76,56.06,Music,Paid,onsale,https://www.ticketweb.com/event/delfeayo-marsalis-the-uptown-birdland-jazz-club-tickets/14624723,https://s1.ticketm.net/dam/c/bea/03d47f66-d37b-4aca-aa17-0135be64dbea_105801_RETINA_PORTRAIT_16_9.jpg,Recommended (Indoor)
New York Knicks vs. Phoenix Suns,2026-01-17,19:30:00,Madison Square Garden,7th Ave & 32nd Street,New York,,,Sports,Free,onsale,https://www.ticketmaster.com/new-york-knicks-vs-phoenix-suns-new-york-new-york-01-17-2026/event/3B00630E79AE0A6C,https://s1.ticketm.net/dam/a/948/1ab22e1c-86d1-44b3-8678-f6e9f441c948_RECOMENDATION_16_9.jpg,Not Recommended (Outdoor)
Candy Crafting at Cricket's Candy Creations,2026-01-17,11:00:00,Cricket's Candy Creations,157 Chambers Street,New York,,,Miscellaneous,Free,onsale,https://www.universe.com/events/candy-crafting-at-crickets-candy-creations-tickets-JVML6P?ref=ticketmaster,https://s1.ticketm.net/dam/a/7bf/235a3e0e-5737-4e1b-b00c-e1e381c0c7bf_1560091_TABLET_LANDSCAPE_16_9.jpg,Not Recommended (Outdoor)
The Gazillion Bubble Show,2026-01-17,11:00:00,New World Stages - Stage 2,340 W 50th St,New York,,,Arts & Theatre,Free,onsale,https://www.ticketmaster.com/the-gazillion-bubble-show-new-york-new-york-01-17-2026/event/Z1r9uZruZqGZ17JdvK,https://s1.ticketm.net/dam/a/6f1/1f9b3d55-c1c0-49f7-a23e-08abfeb3a6f1_ARTIST_PAGE_3_2.jpg,Not Recommended (Outdoor)
Gazillion Bubble Show,2026-01-17,11:00:00,New World Stages - Stage 2,340 West 50th Street,New York,,,Arts & Theatre,Free,onsale,https://www.ticketmaster.com/event/Z7r9jZ1A7qd1e,https://s1.ticketm.net/dam/a/6f1/1f9b3d55-c1c0-49f7-a23e-08abfeb3a6f1_ARTIST_PAGE_3_2.jpg,Not Recommended (Outdoor)
Candy Crafting at Cricket's Candy Creations,2026-01-17,13:00:00,Cricket's Candy Creations,157 Chambers Street,New York,,,Miscellaneous,Free,onsale,https://www.universe.com/events/candy-crafting-at-crickets-candy-creations-tickets-JVML6P?ref=ticketmaster,https://s1.ticketm.net/dam/a/7bf/235a3e0e-5737-4e1b-b00c-e1e381c0c7bf_1560091_TABLET_LANDSCAPE_16_9.jpg,Not Recommended (Outdoor)
The Gazillion Bubble Show,2026-01-17,14:00:00,New World Stages - Stage 2,340 W 50th St,New York,,,Arts & Theatre,Free,onsale,https://www.ticketmaster.com/the-gazillion-bubble-show-new-york-new-york-01-17-2026/event/Z1r9uZruZqGZ17Jdvb,https://s1.ticketm.net/dam/a/6f1/1f9b3d55-c1c0-49f7-a23e-08abfeb3a6f1_ARTIST_PAGE_3_2.jpg,Not Recommended (Outdoor)
Jamie Allan's Amaze,2026-01-17,14:00:00,New World Stages - Stage 5,340 W 50th St,New York,,,Miscellaneous,Free,onsale,https://www.ticketmaster.com/jamie-allans-amaze-new-york-new-york-01-17-2026/event/Z1r9uZruZqGZ17Py3A,https://s1.ticketm.net/dam/a/f9c/09610a49-d4a3-462a-93aa-f6f5df63ef9c_TABLET_LANDSCAPE_LARGE_16_9.jpg,Not Recommended (Outdoor)
The Great Gatsby,2026-01-17,14:00:00,Broadway Theatre-New York,1681 Broadway,New York,,,Arts & Theatre,Free,onsale,https://www.ticketmaster.com/event/Z7r9jZ1A7Q6ev,https://s1.ticketm.net/dam/a/16d/0eb1670e-3c8a-4e88-9953-f8584fb9a16d_EVENT_DETAIL_PAGE_16_9.jpg,Recommended (Indoor)
Marjorie Prime,2026-01-17,14:00:00,Helen Hayes Theatre,240 W 44th St.,New York,,,Arts & Theatre,Free,onsale,https://www.ticketmaster.com/event/Z7r9jZ1A7_-Ae,https://s1.ticketm.net/dam/c/393/b74d3ddc-a5f3-4e09-a801-89c36b774393_106071_CUSTOM.jpg,Recommended (Indoor)
Heathers: The Musical,2026-01-17,14:00:00,New World Stages - Stage 1,340 West 50th Street,New York,,,Arts & Theatre,Free,onsale,https://www.ticketmaster.com/event/Z7r9jZ1A7_M0x,https://s1.ticketm.net/dam/c/393/b74d3ddc-a5f3-4e09-a801-89c36b774393_106071_CUSTOM.jpg,Not Recommended (Outdoor)
The Outsiders,2026-01-17,14:00:00,Jacobs Theatre-NY,242 W 45th St,New York,,,Arts & Theatre,Free,onsale,https://www.ticketmaster.com/event/Z7r9jZ1A7bF7P,https://s1.ticketm.net/dam/a/24b/ab9bc062-6e29-42eb-9131-3cb9efdb324b_RETINA_PORTRAIT_3_2.jpg,Recommended (Indoor)
Chess - The Musical,2026-01-17,14:00:00,Imperial Theatre - NY,249 W. 45th St.,New York,,,Arts & Theatre,Free,onsale,https://www.ticketmaster.com/event/Z7r9jZ1A7bYFg,https://s1.ticketm.net/dbimages/174837a.jpg,Recommended (Indoor)
Hadestown,2026-01-17,14:00:00,Walter Kerr Theatre,219 West 48th St.,New York,,,Arts & Theatre,Free,onsale,https://www.ticketmaster.com/event/Z7r9jZ1A7b_uo,https://s1.ticketm.net/dam/a/a9b/721f12a2-b8d6-46b2-92dd-c0b03f4ada9b_923651_RETINA_PORTRAIT_16_9.jpg,Recommended (Indoor)
Bug,2026-01-17,14:00:00,Samuel J. Friedman Theatre,261 West 47th Street,New York,,,Arts & Theatre,Free,onsale,https://www.ticketmaster.com/event/Z7r9jZ1A7qKqO,https://s1.ticketm.net/dam/c/393/b74d3ddc-a5f3-4e09-a801-89c36b774393_106071_TABLET_LANDSCAPE_3_2.jpg,Recommended (Indoor)
Gazillion Bubble Show,2026-01-17,14:00:00,New World Stages - Stage 2,340 West 50th Street,New York,,,Arts & Theatre,Free,onsale,https://www.ticketmaster.com/event/Z7r9jZ1A7qd13,https://s1.ticketm.net/dam/a/6f1/1f9b3d55-c1c0-49f7-a23e-08abfeb3a6f1_ARTIST_PAGE_3_2.jpg,Not Recommended (Outdoor)
The Magic of Rob Lake,2026-01-17,15:00:00,Broadhurst Theatre,235 W. 44th Street,New York,,,Arts & Theatre,Free,onsale,https://www.ticketmaster.com/event/Z7r9jZ1A7jv_Y,https://s1.ticketm.net/dam/a/771/0b7b55af-acbb-4c0c-9571-3bee973f4771_451541_RETINA_PORTRAIT_3_2.jpg,Recommended (Indoor)
Six: The Musical,2026-01-17,15:00:00,Lena Horne Theatre,256 W. 47th St.,New York,,,Arts & Theatre,Free,onsale,https://www.ticketmaster.com/event/Z7r9jZ1A7po4s,https://s1.ticketm.net/dam/c/393/b74d3ddc-a5f3-4e09-a801-89c36b774393_106071_TABLET_LANDSCAPE_3_2.jpg,Recommended (Indoor)
The Gazillion Bubble Show,2026-01-17,16:30:00,New World Stages - Stage 2,340 W 50th St,New York,,,Arts & Theatre,Free,onsale,https://www.ticketmaster.com/the-gazillion-bubble-show-new-york-new-york-01-17-2026/event/Z1r9uZruZqGZ17JdvN,https://s1.ticketm.net/dam/a/6f1/1f9b3d55-c1c0-49f7-a23e-08abfeb3a6f1_ARTIST_PAGE_3_2.jpg,Not Recommended (Outdoor)
Gazillion Bubble Show,2026-01-17,16:30:00,New World Stages - Stage 2,340 West 50th Street,New York,,,Arts & Theatre,Free,onsale,https://www.ticketmaster.com/event/Z7r9jZ1A7qdGZ,https://s1.ticketm.net/dam/a/6f1/1f9b3d55-c1c0-49f7-a23e-08abfeb3a6f1_ARTIST_PAGE_3_2.jpg,Not Recommended (Outdoor)
Jamie Allan's Amaze,2026-01-17,17:00:00,New World Stages - Stage 5,340 W 50th St,New York,,,Miscellaneous,Free,onsale,https://www.ticketmaster.com/jamie-allans-amaze-new-york-new-york-01-17-2026/event/Z1r9uZruZqGZ17JA8s,https://s1.ticketm.net/dam/a/f9c/09610a49-d4a3-462a-93aa-f6f5df63ef9c_TABLET_LANDSCAPE_LARGE_16_9.jpg,Not Recommended (Outdoor)
Marjorie Prime,2026-01-17,19:00:00,Helen Hayes Theatre,240 W 44th St.,New York,,,Arts & Theatre,Free,onsale,https://www.ticketmaster.com/event/Z7r9jZ1A7_-7P,https://s1.ticketm.net/dam/c/393/b74d3ddc-a5f3-4e09-a801-89c36b774393_106071_CUSTOM.jpg,Recommended (Indoor)
Heathers: The Musical,2026-01-17,19:00:00,New World Stages - Stage 1,340 West 50th Street,New York,,,Arts & Theatre,Free,onsale,https://www.ticketmaster.com/event/Z7r9jZ1A7_M-K,https://s1.ticketm.net/dam/c/393/b74d3ddc-a5f3-4e09-a801-89c36b774393_106071_CUSTOM.jpg,Not Recommended (Outdoor)
The Magic of Rob Lake,2026-01-17,19:00:00,Broadhurst Theatre,235 W. 44th Street,New York,,,Arts & Theatre,Free,onsale,https://www.ticketmaster.com/event/Z7r9jZ1A7jvQv,https://s1.ticketm.net/dam/a/771/0b7b55af-acbb-4c0c-9571-3bee973f4771_451541_RETINA_PORTRAIT_3_2.jpg,Recommended (Indoor)
Chess - The Musical,2026-01-17,19:30:00,Imperial Theatre - NY,249 W. 45th St.,New York,,,Arts & Theatre,Free,onsale,https://www.ticketmaster.com/event/Z7r9jZ1A7bYFV,https://s1.ticketm.net/dbimages/174837a.jpg,Recommended (Indoor)
Jamie Allan's Amaze,2026-01-17,20:00:00,New World Stages - Stage 5,340 W 50th St,New York,,,Miscellaneous,Free,onsale,https://www.ticketmaster.com/jamie-allans-amaze-new-york-new-york-01-17-2026/event/Z1r9uZruZqGZ17PU0t,https://s1.ticketm.net/dam/a/f9c/09610a49-d4a3-462a-93aa-f6f5df63ef9c_TABLET_LANDSCAPE_LARGE_16_9.jpg,Not Recommended (Outdoor)
The Great Gatsby,2026-01-17,20:00:00,Broadway Theatre-New York,1681 Broadway,New York,,,Arts & Theatre,Free,onsale,https://www.ticketmaster.com/event/Z7r9jZ1A7Q6vb,https://s1.ticketm.net/dam/a/16d/0eb1670e-3c8a-4e88-9953-f8584fb9a16d_EVENT_DETAIL_PAGE_16_9.jpg,Recommended (Indoor)
Madama Butterfly,2026-01-17,20:00:00,Metropolitan Opera House,20 Lincoln Center Plz,New York,,,Arts & Theatre,Free,onsale,https://www.ticketmaster.com/event/Z7r9jZ1A7b946,https://s1.ticketm.net/dam/a/92f/2ecc4a7e-d031-477b-95ed-dfdcdf92c92f_RETINA_PORTRAIT_3_2.jpg,Not Recommended (Outdoor)
The Outsiders,2026-01-17,20:00:00,Jacobs Theatre-NY,242 W 45th St,New York,,,Arts & Theatre,Free,onsale,https://www.ticketmaster.com/event/Z7r9jZ1A7bF7e,https://s1.ticketm.net/dam/a/24b/ab9bc062-6e29-42eb-9131-3cb9efdb324b_RETINA_PORTRAIT_3_2.jpg,Recommended (Indoor)
Hadestown,2026-01-17,20:00:00,Walter Kerr Theatre,219 West 48th St.,New York,,,Arts & Theatre,Free,onsale,https://www.ticketmaster.com/event/Z7r9jZ1A7b_u8,https://s1.ticketm.net/dam/a/a9b/721f12a2-b8d6-46b2-92dd-c0b03f4ada9b_923651_RETINA_PORTRAIT_16_9.jpg,Recommended (Indoor)
MAMMA MIA! Bottomless Brunch at Ellen’s Stardust Diner!,2026-01-18,10:30:00,Ellen's Stardust Diner,1650 Broadway,New York,70.19,103.65,Music,Paid,onsale,https://www.ticketweb.com/event/mamma-mia-bottomless-brunch-at-ellens-stardust-diner-tickets/14583783,https://s1.ticketm.net/dam/c/060/c5c08e7a-9912-456c-a060-2758be94e060_105881_RECOMENDATION_16_9.jpg,Not Recommended (Outdoor)
MAMMA MIA! Bottomless Brunch at Ellen’s Stardust Diner!,2026-01-18,13:30:00,Ellen's Stardust Diner,1650 Broadway,New York,70.19,103.65,Music,Paid,onsale,https://www.ticketweb.com/event/mamma-mia-bottomless-brunch-at-ellens-stardust-diner-tickets/14657443,https://s1.ticketm.net/dam/c/060/c5c08e7a-9912-456c-a060-2758be94e060_105881_TABLET_LANDSCAPE_3_2.jpg,Not Recommended (Outdoor)
The World Famous Harlem Gospel Choir,2026-01-18,13:30:00,Blue Note Jazz Club,131 W. 3rd St,New York,38.1,43.66,Music,Paid,onsale,https://www.ticketweb.com/event/the-world-famous-harlem-gospel-blue-note-jazz-club-tickets/14612713,https://s1.ticketm.net/dam/a/36b/1230a923-8031-494f-b228-a95bc77ca36b_RETINA_PORTRAIT_16_9.jpg,Recommended (Indoor)
Yefim Bronfman Plays Schumann,2026-01-18,14:00:00,David Geffen Hall,10 Lincoln Center Plaza,New York,,,Music,Free,onsale,https://www.ticketmaster.com/event/Z7r9jZ1A7_eP3,https://s1.ticketm.net/dam/a/0c7/c28ccd67-14a5-40f6-9c2b-7da57f8ac0c7_CUSTOM.jpg,Recommended (Indoor)
NO OPEN MIC JAN 18,2026-01-18,14:00:00,Lucinda's,169 Avenue A,New York,0.0,0.0,Music,Paid,onsale,https://www.ticketweb.com/event/no-open-mic-jan-18-lucindas-tickets/13952474,https://s1.ticketm.net/dam/c/779/d4bc7e11-1b50-4aa4-a2be-0a21569f5779_106531_RETINA_LANDSCAPE_16_9.jpg,Not Recommended (Outdoor)
I Puritani w/ Metropolitan Opera,2026-01-18,15:00:00,Metropolitan Opera House,20 Lincoln Center Plz,New York,,,Music,Free,onsale,https://www.ticketmaster.com/event/Z7r9jZ1A7_0Pk,https://s1.ticketm.net/dam/c/aae/b503db1a-c908-473b-a218-96d123cd5aae_105501_TABLET_LANDSCAPE_3_2.jpg,Not Recommended (Outdoor)
Sam Dillon Quartet,2026-01-18,17:30:00,Birdland Jazz Club,315 West 44th Street ,New York,35.46,45.76,Music,Paid,onsale,https://www.ticketweb.com/event/sam-dillon-quartet-birdland-jazz-club-tickets/14015564,https://s1.ticketm.net/dam/c/bea/03d47f66-d37b-4aca-aa17-0135be64dbea_105801_RETINA_PORTRAIT_16_9.jpg,Recommended (Indoor)
Rachel Therrien Quartet,2026-01-18,17:30:00,Birdland Jazz Club,315 West 44th Street ,New York,35.46,45.76,Music,Paid,cancelled,https://www.ticketweb.com/event/rachel-therrien-quartet-birdland-jazz-club-tickets/14624903,https://s1.ticketm.net/dam/c/bea/03d47f66-d37b-4aca-aa17-0135be64dbea_105801_RETINA_PORTRAIT_16_9.jpg,Recommended (Indoor)
The Lovestruck Balladeers,2026-01-18,19:00:00,Birdland Theater,315 West 44th Street,New York,35.46,45.76,Music,Paid,onsale,https://www.ticketweb.com/event/the-lovestruck-balladeers-birdland-theater-tickets/14669993,https://s1.ticketm.net/dam/c/bea/03d47f66-d37b-4aca-aa17-0135be64dbea_105801_RETINA_PORTRAIT_16_9.jpg,Recommended (Indoor)
Byzantine Stomp feat: Erik Della Penna,2026-01-18,19:30:00,Lucinda's,169 Avenue A,New York,0.0,0.0,Music,Paid,cancelled,https://www.ticketweb.com/event/byzantine-stomp-feat-erik-della-lucindas-tickets/14019914,https://s1.ticketm.net/dam/c/779/d4bc7e11-1b50-4aa4-a2be-0a21569f5779_106531_RETINA_LANDSCAPE_16_9.jpg,Not Recommended (Outdoor)
The David Bowie Birthday Retrospective,2026-01-18,19:30:00,The Bowery Electric,327 Bowery,New York,28.25,28.25,Music,Paid,onsale,https://www.ticketweb.com/event/the-david-bowie-birthday-retrospective-the-bowery-electric-tickets/14710473,https://s1.ticketm.net/dam/c/fbc/b293c0ad-c904-4215-bc59-8d7f2414dfbc_106141_RETINA_LANDSCAPE_16_9.jpg,Not Recommended (Outdoor)
Kamila Kay | Murphy | Gabriel Greenwood,2026-01-18,19:45:00,Berlin,25 Avenue A,New York,12.44,12.44,Music,Paid,onsale,https://www.ticketweb.com/event/kamila-kay-murphy-berlin-tickets/14016104,https://s1.ticketm.net/dam/c/060/c5c08e7a-9912-456c-a060-2758be94e060_105881_TABLET_LANDSCAPE_3_2.jpg,Not Recommended (Outdoor)
glaive,2026-01-18,20:00:00,Webster Hall,125 East 11th Street,New York,,,Music,Free,onsale,https://www.ticketmaster.com/event/Z7r9jZ1A7qAAt,https://s1.ticketm.net/dam/a/038/d4f4a5d4-8ea6-401c-99a9-4a4867c46038_TABLET_LANDSCAPE_LARGE_16_9.jpg,Recommended (Indoor)
Simone Ruth,2026-01-18,20:00:00,Mercury Lounge,217 East Houston St.,New York,,,Music,Free,onsale,https://www.ticketmaster.com/simone-ruth-new-york-new-york-01-18-2026/event/0000638AC106CF08,https://s1.ticketm.net/dam/e/72e/8cf72117-97fb-49dc-8e9c-a0c80af1972e_RETINA_PORTRAIT_3_2.jpg,Not Recommended (Outdoor)
Snarky Puppy Guitars,2026-01-18,20:00:00,Blue Note Jazz Club,131 W. 3rd St,New York,54.99,66.32,Music,Paid,onsale,https://www.ticketweb.com/event/snarky-puppy-guitars-blue-note-jazz-club-tickets/14641383,https://i.ticketweb.com/i/00/13/26/48/73_Edp.jpg?v=6,Recommended (Indoor)
The Joni Project,2026-01-18,20:30:00,Iridium,1650 Broadway,New York,56.59,56.59,Music,Paid,onsale,https://www.ticketweb.com/event/the-joni-project-iridium-tickets/13697444,https://s1.ticketm.net/dam/c/779/d4bc7e11-1b50-4aa4-a2be-0a21569f5779_106531_RETINA_LANDSCAPE_16_9.jpg,Not Recommended (Outdoor)
The Birdland Latin Jazz Orchestra,2026-01-18,20:30:00,Birdland Jazz Club,315 West 44th Street ,New York,35.46,45.76,Music,Paid,onsale,https://www.ticketweb.com/event/the-birdland-latin-jazz-orchestra-birdland-jazz-club-tickets/14622403,https://s1.ticketm.net/dam/c/bea/03d47f66-d37b-4aca-aa17-0135be64dbea_105801_RETINA_PORTRAIT_16_9.jpg,Recommended (Indoor)
"Lucinda Williams Very Special Guest Appearance  Live from Lucinda's NYC, with her band.  Plus DJ Sam Hariss",2026-01-18,21:00:00,Lucinda's,169 Avenue A,New York,0.0,0.0,Music,Paid,onsale,https://www.ticketweb.com/event/lucinda-williams-very-special-guest-lucindas-tickets/14074114,https://s1.ticketm.net/dam/a/9f3/bf944ee4-4120-402d-a1e2-39ffebb009f3_TABLET_LANDSCAPE_16_9.jpg,Not Recommended (Outdoor)
The Lovestruck Balladeers,2026-01-18,21:30:00,Birdland Theater,315 West 44th Street,New York,35.46,45.76,Music,Paid,onsale,https://www.ticketweb.com/event/the-lovestruck-balladeers-birdland-theater-tickets/14670033,https://s1.ticketm.net/dam/c/bea/03d47f66-d37b-4aca-aa17-0135be64dbea_105801_RETINA_PORTRAIT_16_9.jpg,Recommended (Indoor)
Reggae Fest,2026-01-18,22:00:00,Irving Plaza,17 Irving Place,New York,,,Music,Free,onsale,https://www.ticketmaster.com/event/Z7r9jZ1A7OfOt,https://s1.ticketm.net/dam/a/510/db6fc217-d801-463d-a374-9aaae8de3510_RETINA_PORTRAIT_3_2.jpg,Not Recommended (Outdoor)
Snarky Puppy Guitars,2026-01-18,22:30:00,Blue Note Jazz Club,131 W. 3rd St,New York,54.99,66.32,Music,Paid,onsale,https://www.ticketweb.com/event/snarky-puppy-guitars-blue-note-jazz-club-tickets/14641403,https://i.ticketweb.com/i/00/13/26/48/73_Edp.jpg?v=6,Recommended (Indoor)
The Birdland Latin Jazz Orchestra,2026-01-18,22:30:00,Birdland Jazz Club,315 West 44th Street ,New York,35.46,45.76,Music,Paid,onsale,https://www.ticketweb.com/event/the-birdland-latin-jazz-orchestra-birdland-jazz-club-tickets/14622453,https://s1.ticketm.net/dam/c/bea/03d47f66-d37b-4aca-aa17-0135be64dbea_105801_RETINA_PORTRAIT_16_9.jpg,Recommended (Indoor)
Candy Crafting at Cricket's Candy Creations,2026-01-18,11:00:00,Cricket's Candy Creations,157 Chambers Street,New York,,,Miscellaneous,Free,onsale,https://www.universe.com/events/candy-crafting-at-crickets-candy-creations-tickets-JVML6P?ref=ticketmaster,https://s1.ticketm.net/dam/a/7bf/235a3e0e-5737-4e1b-b00c-e1e381c0c7bf_1560091_TABLET_LANDSCAPE_16_9.jpg,Not Recommended (Outdoor)
The Gazillion Bubble Show,2026-01-18,12:00:00,New World Stages - Stage 2,340 W 50th St,New York,,,Arts & Theatre,Free,onsale,https://www.ticketmaster.com/the-gazillion-bubble-show-new-york-new-york-01-18-2026/event/Z1r9uZruZqGZ17JdvI,https://s1.ticketm.net/dam/a/6f1/1f9b3d55-c1c0-49f7-a23e-08abfeb3a6f1_ARTIST_PAGE_3_2.jpg,Not Recommended (Outdoor)
Gazillion Bubble Show,2026-01-18,12:00:00,New World Stages - Stage 2,340 West 50th Street,New York,,,Arts & Theatre,Free,onsale,https://www.ticketmaster.com/event/Z7r9jZ1A7qda-,https://s1.ticketm.net/dam/a/6f1/1f9b3d55-c1c0-49f7-a23e-08abfeb3a6f1_ARTIST_PAGE_3_2.jpg,Not Recommended (Outdoor)
Candy Crafting at Cricket's Candy Creations,2026-01-18,13:00:00,Cricket's Candy Creations,157 Chambers Street,New York,,,Miscellaneous,Free,onsale,https://www.universe.com/events/candy-crafting-at-crickets-candy-creations-tickets-JVML6P?ref=ticketmaster,https://s1.ticketm.net/dam/a/7bf/235a3e0e-5737-4e1b-b00c-e1e381c0c7bf_1560091_TABLET_LANDSCAPE_16_9.jpg,Not Recommended (Outdoor)
Jamie Allan's Amaze,2026-01-18,14:00:00,New World Stages - Stage 5,340 W 50th St,New York,,,Miscellaneous,Free,onsale,https://www.ticketmaster.com/jamie-allans-amaze-new-york-new-york-01-18-2026/event/Z1r9uZruZqGZ17Py33,https://s1.ticketm.net/dam/a/f9c/09610a49-d4a3-462a-93aa-f6f5df63ef9c_TABLET_LANDSCAPE_LARGE_16_9.jpg,Not Recommended (Outdoor)
Marjorie Prime,2026-01-18,14:00:00,Helen Hayes Theatre,240 W 44th St.,New York,,,Arts & Theatre,Free,onsale,https://www.ticketmaster.com/event/Z7r9jZ1A7_-Ad,https://s1.ticketm.net/dam/c/393/b74d3ddc-a5f3-4e09-a801-89c36b774393_106071_CUSTOM.jpg,Recommended (Indoor)
Heathers: The Musical,2026-01-18,14:00:00,New World Stages - Stage 1,340 West 50th Street,New York,,,Arts & Theatre,Free,onsale,https://www.ticketmaster.com/event/Z7r9jZ1A7_M0N,https://s1.ticketm.net/dam/c/393/b74d3ddc-a5f3-4e09-a801-89c36b774393_106071_CUSTOM.jpg,Not Recommended (Outdoor)
The Outsiders,2026-01-18,14:00:00,Jacobs Theatre-NY,242 W 45th St,New York,,,Arts & Theatre,Free,onsale,https://www.ticketmaster.com/event/Z7r9jZ1A7bF7I,https://s1.ticketm.net/dam/a/24b/ab9bc062-6e29-42eb-9131-3cb9efdb324b_RETINA_PORTRAIT_3_2.jpg,Recommended (Indoor)
Hadestown,2026-01-18,14:00:00,Walter Kerr Theatre,219 West 48th St.,New York,,,Arts & Theatre,Free,onsale,https://www.ticketmaster.com/event/Z7r9jZ1A7b_u3,https://s1.ticketm.net/dam/a/a9b/721f12a2-b8d6-46b2-92dd-c0b03f4ada9b_923651_RETINA_PORTRAIT_16_9.jpg,Recommended (Indoor)
Six: The Musical,2026-01-18,14:00:00,Lena Horne Theatre,256 W. 47th St.,New York,,,Arts & Theatre,Free,onsale,https://www.ticketmaster.com/event/Z7r9jZ1A7po4V,https://s1.ticketm.net/dam/c/393/b74d3ddc-a5f3-4e09-a801-89c36b774393_106071_TABLET_LANDSCAPE_3_2.jpg,Recommended (Indoor)
Bug,2026-01-18,14:00:00,Samuel J. Friedman Theatre,261 West 47th Street,New York,,,Arts & Theatre,Free,onsale,https://www.ticketmaster.com/event/Z7r9jZ1A7qKq-,https://s1.ticketm.net/dam/c/393/b74d3ddc-a5f3-4e09-a801-89c36b774393_106071_TABLET_LANDSCAPE_3_2.jpg,Recommended (Indoor)
The Gazillion Bubble Show,2026-01-18,15:00:00,New World Stages - Stage 2,340 W 50th St,New York,,,Arts & Theatre,Free,onsale,https://www.ticketmaster.com/the-gazillion-bubble-show-new-york-new-york-01-18-2026/event/Z1r9uZruZqGZ17JdvS,https://s1.ticketm.net/dam/a/6f1/1f9b3d55-c1c0-49f7-a23e-08abfeb3a6f1_ARTIST_PAGE_3_2.jpg,Not Recommended (Outdoor)
The Great Gatsby,2026-01-18,15:00:00,Broadway Theatre-New York,1681 Broadway,New York,,,Arts & Theatre,Free,onsale,https://www.ticketmaster.com/event/Z7r9jZ1A7Q6vU,https://s1.ticketm.net/dam/a/16d/0eb1670e-3c8a-4e88-9953-f8584fb9a16d_EVENT_DETAIL_PAGE_16_9.jpg,Recommended (Indoor)
Chess - The Musical,2026-01-18,15:00:00,Imperial Theatre - NY,249 W. 45th St.,New York,,,Arts & Theatre,Free,onsale,https://www.ticketmaster.com/event/Z7r9jZ1A7bYFU,https://s1.ticketm.net/dbimages/174837a.jpg,Recommended (Indoor)
The Magic of Rob Lake,2026-01-18,15:00:00,Broadhurst Theatre,235 W. 44th Street,New York,,,Arts & Theatre,Free,onsale,https://www.ticketmaster.com/event/Z7r9jZ1A7jvjk,https://s1.ticketm.net/dam/a/771/0b7b55af-acbb-4c0c-9571-3bee973f4771_451541_RETINA_PORTRAIT_3_2.jpg,Recommended (Indoor)
Gazillion Bubble Show,2026-01-18,15:00:00,New World Stages - Stage 2,340 West 50th Street,New York,,,Arts & Theatre,Free,onsale,https://www.ticketmaster.com/event/Z7r9jZ1A7qdGv,https://s1.ticketm.net/dam/a/6f1/1f9b3d55-c1c0-49f7-a23e-08abfeb3a6f1_ARTIST_PAGE_3_2.jpg,Not Recommended (Outdoor)
Heathers: The Musical,2026-01-18,19:00:00,New World Stages - Stage 1,340 West 50th Street,New York,,,Arts & Theatre,Free,onsale,https://www.ticketmaster.com/event/Z7r9jZ1A7_M-f,https://s1.ticketm.net/dam/c/393/b74d3ddc-a5f3-4e09-a801-89c36b774393_106071_CUSTOM.jpg,Not Recommended (Outdoor)
Six: The Musical,2026-01-18,19:00:00,Lena Horne Theatre,256 W. 47th St.,New York,,,Arts & Theatre,Free,onsale,https://www.ticketmaster.com/event/Z7r9jZ1A7po4g,https://s1.ticketm.net/dam/c/393/b74d3ddc-a5f3-4e09-a801-89c36b774393_106071_TABLET_LANDSCAPE_3_2.jpg,Recommended (Indoor)
The Outsiders,2026-01-18,19:30:00,Jacobs Theatre-NY,242 W 45th St,New York,,,Arts & Theatre,Free,onsale,https://www.ticketmaster.com/event/Z7r9jZ1A7bF7A,https://s1.ticketm.net/dam/a/24b/ab9bc062-6e29-42eb-9131-3cb9efdb324b_RETINA_PORTRAIT_3_2.jpg,Recommended (Indoor)
Hadestown,2026-01-18,19:30:00,Walter Kerr Theatre,219 West 48th St.,New York,,,Arts & Theatre,Free,onsale,https://www.ticketmaster.com/event/Z7r9jZ1A7b_uK,https://s1.ticketm.net/dam/a/a9b/721f12a2-b8d6-46b2-92dd-c0b03f4ada9b_923651_RETINA_PORTRAIT_16_9.jpg,Recommended (Indoor)
Jamie Allan's Amaze,2026-01-18,20:00:00,New World Stages - Stage 5,340 W 50th St,New York,,,Miscellaneous,Free,onsale,https://www.ticketmaster.com/jamie-allans-amaze-new-york-new-york-01-18-2026/event/Z1r9uZruZqGZ17Py3o,https://s1.ticketm.net/dam/a/f9c/09610a49-d4a3-462a-93aa-f6f5df63ef9c_TABLET_LANDSCAPE_LARGE_16_9.jpg,Not Recommended (Outdoor)
Radio City Music Hall Tour Experience,2026-01-18,Unknown,Radio City Music Hall Tour Experience,1260 Avenue of the Americas,New York,,,Miscellaneous,Free,onsale,https://www.ticketmaster.com/radio-city-music-hall-tour-experience-new-york-new-york-01-18-2026/event/3C00630BB3190A58,https://s1.ticketm.net/dam/a/ad0/0c879104-ba01-492c-846f-379581c53ad0_RETINA_LANDSCAPE_16_9.jpg,Recommended (Indoor)
Madison Square Garden Tour Experience,2026-01-18,Unknown,Madison Square Garden,7th Ave & 32nd Street,New York,,,Miscellaneous,Free,onsale,https://www.ticketmaster.com/madison-square-garden-tour-experience-new-york-new-york-01-18-2026/event/3B00627AD3751DCE,https://s1.ticketm.net/dam/a/476/7c230b41-d92a-4fd4-b6d1-dc6951ae8476_ARTIST_PAGE_3_2.jpg,Not Recommended (Outdoor)
